--
-- PostgreSQL database dump
--

-- Dumped from database version 16.3
-- Dumped by pg_dump version 16.3

SET statement_timeout = 0;
SET lock_timeout = 0;
SET idle_in_transaction_session_timeout = 0;
SET client_encoding = 'UTF8';
SET standard_conforming_strings = on;
SELECT pg_catalog.set_config('search_path', '', false);
SET check_function_bodies = false;
SET xmloption = content;
SET client_min_messages = warning;
SET row_security = off;

--
-- Data for Name: users; Type: TABLE DATA; Schema: public; Owner: hive-dev
--

COPY public.users (id, username, password, email, created_at, updated_at, normalized_username, patreon, admin) FROM stdin;
e57fd0bf-638d-4f56-b93d-35cb81f0a2c1	leex	$argon2id$v=19$m=19456,t=2,p=1$jSbLjB3G1a3qYnbQbpS/jA$2ssYnqrcz92wW9HsL7ubKz5tSCx59yc03u3ylgKySDc	leex@leex.leex	2024-07-12 11:57:02.0707+03	2024-07-12 11:57:02.070703+03	leex	f	f
34f4d3d8-91e5-434a-b84b-53134edcf848	aaaaaaaaaaa	$argon2id$v=19$m=19456,t=2,p=1$pf1tIBx+yxvl1aQR3cjFPQ$ZSy0hW9nWYpjjcDe1wXEH4TnQrl/zofx3qrRrf2zBYk	aaaa@aaaa.aaa	2024-07-28 19:22:00.475142+03	2024-07-28 19:22:00.475145+03	aaaaaaaaaaa	f	f
9061036f-51b1-4bc5-b634-79d67e58c80d	aaaaaaa	$argon2id$v=19$m=19456,t=2,p=1$y0RSmaJ854vnBHy8eTTfIA$JAATaxgV6n1PegAWX3YlmXUAhExtcsm8Zt72NdnGXaM	aaaaaaaaaa@aaaaaaaaaa.aaa	2024-08-02 21:23:52.488639+03	2024-08-02 21:23:52.488642+03	aaaaaaa	f	f
8190b6c5-f2c5-4fa9-aca4-02fd89489f59	zzzzzzzzzz	$argon2id$v=19$m=19456,t=2,p=1$Kr3DGqn95QjU4r3kaYPmaQ$w9qQphVmyUcY65hnez/2UJXjUBRWaLJGWWyciha7U/g	2zzzzzzzz@zzzzzzzzz.zzz	2024-08-02 21:24:34.089653+03	2024-08-02 21:24:34.089655+03	zzzzzzzzzz	f	f
1a4fd06c-0d66-4128-b4df-83e23697561c	OOOOOOOOOOOOOOOOOOOO	$argon2id$v=19$m=19456,t=2,p=1$njXsWiE6+uxrGoZNNgLymw$qX1EEdd+vJRkhkjgJSmxuRoMtuzMxS/rx4+ht3BBveg	ooo@ooo.ooo	2024-08-22 14:04:10.89834+03	2024-08-22 14:04:10.898343+03	oooooooooooooooooooo	f	f
18924da9-c9d0-46a7-8382-195017154e2e	ion	$argon2id$v=19$m=19456,t=2,p=1$gHDsVoITM9eFi53M7k94bA$4qlMv9eNGpN/A3cqEX05Ip2TZ0p65ksfiYX1Gr+qogQ	ion@ion.ion	2024-07-12 11:56:47.074711+03	2024-07-12 11:56:47.074714+03	ion	f	t
\.


--
-- Data for Name: challenges; Type: TABLE DATA; Schema: public; Owner: hive-dev
--

COPY public.challenges (id, nanoid, challenger_id, game_type, rated, tournament_queen_rule, color_choice, created_at, opponent_id, visibility, time_mode, time_base, time_increment, band_upper, band_lower) FROM stdin;
\.


--
-- Data for Name: games; Type: TABLE DATA; Schema: public; Owner: hive-dev
--

COPY public.games (id, nanoid, current_player_id, black_id, finished, game_status, game_type, history, game_control_history, rated, tournament_queen_rule, turn, white_id, white_rating, black_rating, white_rating_change, black_rating_change, created_at, updated_at, time_mode, time_base, time_increment, last_interaction, black_time_left, white_time_left, speed, hashes, conclusion, tournament_id, tournament_game_result, game_start, move_times) FROM stdin;
7697599e-8091-4ac6-9fe3-b62017658126	WonY2sbNVKcT	18924da9-c9d0-46a7-8382-195017154e2e	18924da9-c9d0-46a7-8382-195017154e2e	t	Finished(0-1)	Base+MLP	wL ;bL wL-;wQ -wL;	3. Resign(w);	t	t	3	e57fd0bf-638d-4f56-b93d-35cb81f0a2c1	1564.35026942876	1455.8595944190788	-21.935285540396535	21.940015038643196	2024-07-15 16:24:51.885537+03	2024-07-15 16:25:36.569911+03	Real Time	60	0	2024-07-15 16:25:11.11498+03	34546987376	54284904289	Bullet	{}	Resigned	\N	0-1	Moves	{60000000000,60000000000,54284904289}
289ceb49-21fa-4716-a832-f4c7bf0accfb	6eFdFliO1YHx	18924da9-c9d0-46a7-8382-195017154e2e	18924da9-c9d0-46a7-8382-195017154e2e	t	Finished(1-0)	Base+MLP	wL ;bA1 wL-;wA1 -wL;bA2 bA1-;wG1 -wA1;bG1 bA2-;wQ \\wA1;bQ \\bA2;wG2 wA1\\;bP bA1\\;wG3 /wG2;bM bP\\;wA2 wG1\\;bA3 bM\\;wB1 \\wL;bB1 bA2\\;wG3 \\bA1;bQ wG3/;wG2 \\wQ;bQ \\bA2;wG2 wA1\\;	21. Resign(b);	t	t	21	e57fd0bf-638d-4f56-b93d-35cb81f0a2c1	1532.2536062129814	1487.9630202112032	14.413609209108245	-14.416118170759319	2024-07-15 18:07:57.123799+03	2024-07-15 18:09:20.391327+03	Real Time	60	2	2024-07-15 18:08:55.738562+03	27113627804	52710193419	Bullet	{}	Resigned	\N	1-0	Moves	{60000000000,60000000000,58866836232,48585272893,59363012388,49243456478,59250496925,49630542927,55723766189,50366631301,55516376782,51046134086,54710802468,49319979174,54137178597,50017902772,54253835335,50951601419,53510109927,51764928925,52710193419}
eb27dcdf-5d9c-470f-8b9a-7ed6cbb12471	b4YzylXV0Ax3	18924da9-c9d0-46a7-8382-195017154e2e	18924da9-c9d0-46a7-8382-195017154e2e	t	Finished(1-0)	Base+MLP	wA1 ;bA1 wA1-;wA2 -wA1;		t	t	3	e57fd0bf-638d-4f56-b93d-35cb81f0a2c1	1536.525220608502	1483.6909970185786	14.634520471008955	-14.637944305800374	2024-07-15 16:05:43.533584+03	2024-07-15 16:06:56.090152+03	Real Time	60	0	2024-07-15 16:05:55.96503+03	0	55655154921	Bullet	{}	Timeout	\N	1-0	Moves	{60000000000,60000000000,55655154921}
88a93399-766c-405b-b4f5-3f308d10d2cf	F4sJwpjYFJSk	18924da9-c9d0-46a7-8382-195017154e2e	18924da9-c9d0-46a7-8382-195017154e2e	t	Finished(1-0)	Base+MLP	wL ;bA1 wL-;wG1 -wL;bB1 bA1-;wG2 -wG1;		t	t	5	e57fd0bf-638d-4f56-b93d-35cb81f0a2c1	1458.5040497193015	1561.7335332378368	22.91066642873716	-22.917470157917933	2024-07-15 15:43:30.941014+03	2024-07-15 15:44:42.287+03	Real Time	60	0	2024-07-15 15:43:56.387447+03	0	55094445253	Bullet	{}	Timeout	\N	1-0	Moves	{60000000000,60000000000,56937231073,45848696417,55094445253}
39aba6fb-fb1c-42af-8279-238fa8bf853c	nJVvCCuB-5vn	18924da9-c9d0-46a7-8382-195017154e2e	e57fd0bf-638d-4f56-b93d-35cb81f0a2c1	t	Finished(0-1)	Base+MLP	wS1 ;bL -wS1;		t	t	2	18924da9-c9d0-46a7-8382-195017154e2e	1477.799609457722	1542.4149838883634	-13.829184823380956	13.826370217719386	2024-07-15 16:25:45.266518+03	2024-07-15 16:26:55.593516+03	Real Time	60	0	2024-07-15 16:25:55.527962+03	60000000000	0	Bullet	{}	Timeout	\N	0-1	Moves	{60000000000,60000000000}
b867ff99-24d2-4aa8-84c3-db9fc65f2fb6	bUICTgfwKlLo	e57fd0bf-638d-4f56-b93d-35cb81f0a2c1	e57fd0bf-638d-4f56-b93d-35cb81f0a2c1	t	Finished(0-1)	Base+MLP	wA1 ;bA1 -wA1;wA2 wA1-;	3. Resign(w);	t	t	3	18924da9-c9d0-46a7-8382-195017154e2e	1538.8160630799189	1481.4147161480387	-20.505175110075697	20.49945270913281	2024-07-15 15:49:18.633819+03	2024-07-15 15:50:11.988185+03	Real Time	60	0	2024-07-15 15:49:59.552095+03	47566091990	35930859887	Bullet	{}	Resigned	\N	0-1	Moves	{60000000000,60000000000,35930859887}
af116ae1-fb54-48bb-bf79-e783a31c66f7	6iH_8p1OWf0a	18924da9-c9d0-46a7-8382-195017154e2e	e57fd0bf-638d-4f56-b93d-35cb81f0a2c1	t	Finished(1-0)	Base+MLP	wS1 ;bL -wS1;	2. Resign(b);	t	t	2	18924da9-c9d0-46a7-8382-195017154e2e	1484.9533959611217	1535.2625298509734	18.972111646882695	-18.968520532591356	2024-07-15 17:14:01.836011+03	2024-07-15 17:14:33.215428+03	Real Time	60	0	2024-07-15 17:14:09.925663+03	60000000000	36711460996	Bullet	{}	Resigned	\N	1-0	Moves	{60000000000,60000000000}
9f6ebfc8-f2a2-451c-9598-2685e2e8ca8e	ZQ_Wf9m0AUpo	18924da9-c9d0-46a7-8382-195017154e2e	18924da9-c9d0-46a7-8382-195017154e2e	t	Finished(1-0)	Base+MLP	wA1 ;bA1 wA1-;wA2 -wA1;		t	t	3	e57fd0bf-638d-4f56-b93d-35cb81f0a2c1	1501.9141688571715	1518.3108879698432	18.28466274317043	-18.289462679898634	2024-07-15 15:52:47.395472+03	2024-07-15 15:53:59.502627+03	Real Time	60	0	2024-07-15 15:52:59.386038+03	0	55999708278	Bullet	{}	Timeout	\N	1-0	Moves	{60000000000,60000000000,55999708278}
ecc4ccff-9795-4516-887b-eb668a7d4638	VmLLz5NQyvKr	18924da9-c9d0-46a7-8382-195017154e2e	18924da9-c9d0-46a7-8382-195017154e2e	t	Finished(0-1)	Base+MLP	wA1 ;bG1 wA1-;wL -wA1;	3. Resign(w);	t	t	3	e57fd0bf-638d-4f56-b93d-35cb81f0a2c1	1556.2413541060828	1463.970424634341	-20.97882425510943	20.98297132678067	2024-07-15 17:10:10.498746+03	2024-07-15 17:11:22.61515+03	Real Time	60	0	2024-07-15 17:10:37.155944+03	14543168033	51956707392	Bullet	{}	Resigned	\N	0-1	Moves	{60000000000,60000000000,51956707392}
5bbc01e0-b294-4c25-8102-4bfec740ded5	icXJCqcnQqnK	18924da9-c9d0-46a7-8382-195017154e2e	e57fd0bf-638d-4f56-b93d-35cb81f0a2c1	t	Finished(0-1)	Base+MLP	wS1 ;bL -wS1;wS2 wS1-;bS1 -bL;wQ wS1\\;bQ \\bL;		t	t	6	18924da9-c9d0-46a7-8382-195017154e2e	1469.0530527127783	1551.159741079511	-13.19345829369945	13.190528349249007	2024-07-15 16:07:42.227777+03	2024-07-15 16:08:53.998236+03	Real Time	60	0	2024-07-15 16:08:24.441724+03	54206530051	0	Bullet	{}	Timeout	\N	0-1	Moves	{60000000000,60000000000,31979371542,56605955233,29495630047,54206530051}
937bde1b-bbc5-4626-b545-6102445d0435	IkxrQKewO2cX	18924da9-c9d0-46a7-8382-195017154e2e	e57fd0bf-638d-4f56-b93d-35cb81f0a2c1	t	Finished(0-1)	Base+MLP	wA1 ;bA1 wA1-;		t	t	2	18924da9-c9d0-46a7-8382-195017154e2e	1500.0214252899445	1520.198831600342	-16.330428271365918	16.32638900816005	2024-07-15 15:56:07.22501+03	2024-07-15 15:57:17.982099+03	Real Time	60	0	2024-07-15 15:56:17.92196+03	60000000000	0	Bullet	{}	Timeout	\N	0-1	Moves	{60000000000,60000000000}
df5f519a-c5b2-4213-b179-6aa72a5365a5	dobpkpU9uGNf	18924da9-c9d0-46a7-8382-195017154e2e	e57fd0bf-638d-4f56-b93d-35cb81f0a2c1	t	Finished(0-1)	Base+MLP	wA1 ;bL -wA1;	2. Resign(w);	t	t	2	18924da9-c9d0-46a7-8382-195017154e2e	1503.9255076080044	1516.294009318382	-15.96248739680118	15.959596894599372	2024-07-15 18:04:26.053825+03	2024-07-15 18:05:26.543452+03	Real Time	60	2	2024-07-15 18:04:38.074978+03	60000000000	11533414545	Bullet	{}	Resigned	\N	0-1	Moves	{60000000000,60000000000}
3d678063-34d7-4417-82e1-66b0dd2f4ed1	-mETR__0nm-V	18924da9-c9d0-46a7-8382-195017154e2e	18924da9-c9d0-46a7-8382-195017154e2e	t	Finished(1-0)	Base+MLP	wL ;bL wL-;wS1 -wL;bQ bL\\;wA1 wS1\\;bP bQ\\;wQ wA1\\;bS1 bP-;wA2 \\wL;bM \\bS1;wA3 wQ\\;bA1 bP\\;wM \\wS1;bA2 bA1\\;wB1 wA3\\;bA3 bS1\\;wB2 /wA3;bB1 bA2\\;wP \\wB2;bB2 \\bM;wG1 \\wP;bG1 \\bB2;wS2 \\wA2;		t	t	23	e57fd0bf-638d-4f56-b93d-35cb81f0a2c1	1509.166586940321	1511.053795981443	16.293383668622027	-16.295969104144433	2024-07-17 11:45:45.152069+03	2024-07-17 11:47:42.586529+03	Real Time	60	2	2024-07-17 11:47:28.552654+03	0	48587961417	Bullet	{}	Timeout	\N	1-0	Moves	{60000000000,60000000000,59845900148,9154135705,60340652015,9566135207,60865731077,10068576550,61378722028,10493189676,61982422701,11217917851,62085391456,11874185155,62421034642,12570543435,62479744395,13139732940,62870631432,13704795262,63102494456,13929194215,48587961417}
288a78c4-a4db-426e-9168-44ce8d2eab63	GhaGZv2JZYy4	18924da9-c9d0-46a7-8382-195017154e2e	18924da9-c9d0-46a7-8382-195017154e2e	t	Finished(1-0)	Base+MLP	wL ;bS1 wL-;wA1 -wL;	3. Resign(b);	t	t	3	e57fd0bf-638d-4f56-b93d-35cb81f0a2c1	1258.3755759841083	1741.6244240158917	381.01190028416704	-381.01190028416727	2024-07-15 17:11:32.499118+03	2024-07-15 17:13:49.161206+03	Real Time	300	4	2024-07-15 17:13:23.373947+03	274214016912	299371947369	Blitz	{}	Resigned	\N	1-0	Moves	{300000000000,300000000000,299371947369}
b14c659d-d258-4fd0-bebc-bd3031ade1e7	-iAIo689Tbvt	e57fd0bf-638d-4f56-b93d-35cb81f0a2c1	e57fd0bf-638d-4f56-b93d-35cb81f0a2c1	t	Finished(1-0)	Base+MLP	wB1 ;bL -wB1;wQ wB1-;bQ -bL;wS1 wB1\\;bP bQ\\;wS2 wQ\\;bM bP\\;wG1 wS1\\;bB1 bM\\;wL wS2\\;bG1 /bM;wP wL/;bG2 \\bG1;wM \\wP;bA1 \\bG2;wG2 \\wM;bA2 bB1\\;wG3 wL\\;	19. Resign(b);	t	t	19	18924da9-c9d0-46a7-8382-195017154e2e	1493.2267442546142	1526.9907149512944	17.827051726828813	-17.82412801097348	2024-07-17 11:43:44.098732+03	2024-07-17 11:45:24.980638+03	Real Time	60	2	2024-07-17 11:45:19.058811+03	53508565488	6273012555	Bullet	{}	Resigned	\N	1-0	Moves	{60000000000,60000000000,5227511303,60221126891,5052310265,59823026666,5228569061,60011739352,5682953558,59367715596,5980776875,58844735837,6565603360,59018288949,6724700244,59302521416,7242068148,59428299125,6273012555}
d6f554d7-030f-44b5-a986-5daa0aa78161	p7UgOQKYDZnW	18924da9-c9d0-46a7-8382-195017154e2e	18924da9-c9d0-46a7-8382-195017154e2e	t	Finished(0-1)	Base+MLP	wL ;bL wL-;wG1 -wL;	3. Resign(w);	t	t	3	e57fd0bf-638d-4f56-b93d-35cb81f0a2c1	1546.6672154220896	1473.546902040444	-19.67650047079519	19.67984221417032	2024-07-17 11:37:06.182565+03	2024-07-17 11:37:47.941593+03	Real Time	60	2	2024-07-17 11:37:23.56165+03	35622088598	50657648923	Bullet	{}	Resigned	\N	0-1	Moves	{60000000000,60000000000,50657648923}
1e800b95-52fa-4d72-aa8c-0f56b609548e	GGjGDePvlki8	18924da9-c9d0-46a7-8382-195017154e2e	e57fd0bf-638d-4f56-b93d-35cb81f0a2c1	t	Finished(0-1)	Base+MLP	wA1 ;bL wA1/;		t	t	2	18924da9-c9d0-46a7-8382-195017154e2e	1494.7578268772986	1525.459970608943	-14.757331881262417	14.755062385546125	2024-07-17 11:54:48.63361+03	2024-07-17 11:56:12.760979+03	Real Time	60	2	2024-07-17 11:55:12.621975+03	60000000000	0	Bullet	{}	Timeout	\N	0-1	Moves	{60000000000,60000000000}
3fdd1fe4-4691-4be4-9c09-1a040ca8df62	NtMBFGRyiXhz	e57fd0bf-638d-4f56-b93d-35cb81f0a2c1	18924da9-c9d0-46a7-8382-195017154e2e	t	Finished(1-0)	Base+MLP	wL ;bA1 wL-;wQ /wL;bA2 bA1\\;wA1 wQ\\;bP bA2\\;wA2 wA1\\;bQ bP/;	8. Resign(b);	t	t	8	e57fd0bf-638d-4f56-b93d-35cb81f0a2c1	1540.215032994489	1480.0004949960362	13.403109425981711	-13.405113572601294	2024-07-17 11:56:35.811741+03	2024-07-17 11:58:15.161187+03	Real Time	60	2	2024-07-17 11:57:49.293907+03	4390297386	32998404203	Bullet	{}	Resigned	\N	1-0	Moves	{60000000000,60000000000,59947555191,4985488105,58775081674,4126221316,58864086272,4390297386}
e22c01fa-1843-4cb1-896b-89a34fcce37b	6a2u2XHgM45n	e57fd0bf-638d-4f56-b93d-35cb81f0a2c1	18924da9-c9d0-46a7-8382-195017154e2e	t	Finished(0-1)	Base+MLP	wA1 ;bA1 wA1-;		t	t	2	e57fd0bf-638d-4f56-b93d-35cb81f0a2c1	1555.2001416722264	1465.0131235655963	-20.039523034675994	20.042332871843882	2024-07-17 12:13:43.25795+03	2024-07-17 12:14:56.72934+03	Real Time	60	2	2024-07-17 12:13:56.614801+03	60000000000	0	Bullet	{}	Timeout	\N	0-1	Moves	{60000000000,60000000000}
871a9518-1c4f-4846-8bdb-0e510afa154c	sMv6qYPNqdvY	e57fd0bf-638d-4f56-b93d-35cb81f0a2c1	18924da9-c9d0-46a7-8382-195017154e2e	t	Finished(0-1)	Base+MLP	wL ;bL wL-;		t	t	2	e57fd0bf-638d-4f56-b93d-35cb81f0a2c1	1475.9007290701686	1544.3229004792297	-12.809016883141112	12.810603868904536	2024-07-17 14:42:02.883657+03	2024-07-17 14:46:36.141482+03	Real Time	60	2	2024-07-17 14:42:09.733953+03	60000000000	0	Bullet	{}	Timeout	\N	0-1	Moves	{60000000000,60000000000}
9e154674-5a43-4d19-82b2-f7cf2703b618	rBSHEqOKEEa9	18924da9-c9d0-46a7-8382-195017154e2e	e57fd0bf-638d-4f56-b93d-35cb81f0a2c1	t	Finished(0-1)	Base+MLP	wL ;bL -wL;wQ wL\\;bQ /bL;		t	t	4	18924da9-c9d0-46a7-8382-195017154e2e	1466.595381423435	1553.6181424204708	-12.229114923537736	12.227331754228317	2024-07-17 11:58:17.249992+03	2024-07-17 11:59:25.062191+03	Real Time	60	2	2024-07-17 11:58:24.793906+03	60195167316	0	Bullet	{}	Timeout	\N	0-1	Moves	{60000000000,60000000000,60186014680,60195167316}
f6b6d08c-7e4b-423f-9093-2bf728203b06	LlxJpXZbbO6w	e57fd0bf-638d-4f56-b93d-35cb81f0a2c1	18924da9-c9d0-46a7-8382-195017154e2e	t	Finished(0-1)	Base+MLP	wL ;bA1 wL-;wG1 -wL;bA2 bA1-;wQ \\wL;bM bA1\\;wG2 wG1\\;bQ bA2\\;		t	t	8	e57fd0bf-638d-4f56-b93d-35cb81f0a2c1	1505.370307508776	1514.8495975870096	-15.432055340277657	15.434019070875593	2024-07-17 13:10:56.140006+03	2024-07-17 13:12:41.241097+03	Real Time	60	2	2024-07-17 13:12:37.780492+03	60353558620	0	Bullet	{}	Timeout	\N	0-1	Moves	{60000000000,60000000000,59339660219,59856040682,3029931212,60174423186,3373840576,60353558620}
ab001c8c-611d-47f6-ac0b-1229bf7347fa	pSKloBSQ1yjT	18924da9-c9d0-46a7-8382-195017154e2e	e57fd0bf-638d-4f56-b93d-35cb81f0a2c1	t	Finished(1-0)	Base+MLP	wA1 ;bL wA1-;wA2 -wA1;bA1 bL\\;	4. Resign(b);	t	t	4	18924da9-c9d0-46a7-8382-195017154e2e	1497.857225070951	1522.3604830774786	16.992372516058595	-16.990175568702625	2024-07-17 13:10:26.207959+03	2024-07-17 13:10:46.97356+03	Real Time	60	2	2024-07-17 13:10:44.871174+03	59941585486	57261281944	Bullet	{}	Resigned	\N	1-0	Moves	{60000000000,60000000000,59361957065,59941585486}
53c74b48-2a30-4a10-b835-91df6ec9f160	R4VOAKwxtSyR	18924da9-c9d0-46a7-8382-195017154e2e	e57fd0bf-638d-4f56-b93d-35cb81f0a2c1	t	Finished(0-1)	Base+MLP	wA1 ;bL -wA1;wA2 wA1\\;bQ /bL;		t	t	4	18924da9-c9d0-46a7-8382-195017154e2e	1485.0554564374402	1535.1606186375504	-13.788148973246052	13.786269963416999	2024-07-17 12:54:33.618399+03	2024-07-17 12:55:43.748726+03	Real Time	60	2	2024-07-17 12:54:43.81198+03	59834861330	0	Bullet	{}	Timeout	\N	0-1	Moves	{60000000000,60000000000,59876102763,59834861330}
31b1edca-759b-4fb6-9c80-179ae0cad23c	EMvX4Dm80R_a	18924da9-c9d0-46a7-8382-195017154e2e	18924da9-c9d0-46a7-8382-195017154e2e	t	Finished(1-0)	Base+MLP	wL ;bM wL-;wG1 -wL;		t	t	3	e57fd0bf-638d-4f56-b93d-35cb81f0a2c1	1565.8454741746991	1454.3662664998972	11.209542195005952	-11.211141765454613	2024-07-17 12:02:05.370179+03	2024-07-17 12:03:11.444511+03	Real Time	60	2	2024-07-17 12:02:11.339487+03	0	59949248791	Bullet	{}	Timeout	\N	1-0	Moves	{60000000000,60000000000,59949248791}
f5de9196-5003-4df7-9ebf-5fdea17f5afa	TCXKn0cFzfje	e57fd0bf-638d-4f56-b93d-35cb81f0a2c1	e57fd0bf-638d-4f56-b93d-35cb81f0a2c1	t	Finished(1-0)	Base+MLP	wA1 ;bG1 -wA1;wA2 wA1-;bA1 -bG1;wA3 wA2-;bA2 \\bG1;wQ wA1\\;bQ bA1\\;wM wA2\\;		t	t	9	18924da9-c9d0-46a7-8382-195017154e2e	1458.6975616243117	1561.5149536969923	20.469879293475287	-20.46714379044829	2024-07-17 13:01:51.508811+03	2024-07-17 13:03:24.070265+03	Real Time	60	2	2024-07-17 13:02:23.564422+03	0	48331141608	Bullet	{}	Timeout	\N	1-0	Moves	{60000000000,60000000000,57279661491,60072906713,57303405705,60562734629,56608736798,60448348518,48331141608}
2cf0ea4a-2ea2-4ccf-a2a9-bf8a94b8ed28	B8BFSqq8QVWh	18924da9-c9d0-46a7-8382-195017154e2e	18924da9-c9d0-46a7-8382-195017154e2e	t	Finished(1-0)	Base+MLP	wL ;bA1 wL-;wG1 -wL;		t	t	3	e57fd0bf-638d-4f56-b93d-35cb81f0a2c1	1548.9468886009674	1471.2673074641941	12.568065096024839	-12.569745839882444	2024-07-17 12:55:50.36049+03	2024-07-17 12:56:58.836148+03	Real Time	60	2	2024-07-17 12:55:58.735503+03	0	60233859237	Bullet	{}	Timeout	\N	1-0	Moves	{60000000000,60000000000,60233859237}
278533fa-6166-4776-bbf3-a4c4bc7b527b	HGZ86bLrP8ey	e57fd0bf-638d-4f56-b93d-35cb81f0a2c1	e57fd0bf-638d-4f56-b93d-35cb81f0a2c1	t	Finished(1-0)	Base+MLP	wA1 ;bL wA1-;wL -wA1;bA1 bL\\;wA2 \\wA1;		t	t	5	18924da9-c9d0-46a7-8382-195017154e2e	1443.1551247344426	1577.055016369705	21.857998831153736	-21.854874697478635	2024-07-17 12:08:46.528691+03	2024-07-17 12:10:55.589245+03	Real Time	60	2	2024-07-17 12:09:54.960652+03	0	6397670424	Bullet	{}	Timeout	\N	1-0	Moves	{60000000000,60000000000,18893887715,60502669597,6397670424}
dc0813b6-ad67-4e00-856b-02c6133af873	SUq3KGxMn_-s	18924da9-c9d0-46a7-8382-195017154e2e	e57fd0bf-638d-4f56-b93d-35cb81f0a2c1	t	Finished(1-0)	Base+MLP	wL ;bL -wL;	2. Resign(b);	t	t	2	18924da9-c9d0-46a7-8382-195017154e2e	1550.6586036140902	1469.5657771030972	12.25344179594299	-12.251959832540706	2024-07-17 15:17:03.486795+03	2024-07-17 15:17:12.121577+03	Real Time	60	2	2024-07-17 15:17:09.109555+03	60000000000	56989238047	Bullet	{}	Resigned	\N	1-0	Moves	{60000000000,60000000000}
cb5f0d61-92cf-43db-9ca4-c59dc64c06d8	r0mvuA3banTL	18924da9-c9d0-46a7-8382-195017154e2e	e57fd0bf-638d-4f56-b93d-35cb81f0a2c1	t	Finished(0-1)	Base+MLP	wL ;bL wL-;		t	t	2	18924da9-c9d0-46a7-8382-195017154e2e	1557.1335043481342	1463.0917121870275	-19.873992830559246	19.87152109202566	2024-07-17 14:46:52.01416+03	2024-07-17 14:48:03.363884+03	Real Time	60	2	2024-07-17 14:47:03.32159+03	60000000000	0	Bullet	{}	Timeout	\N	0-1	Moves	{60000000000,60000000000}
233b2e02-3e0d-4e0f-b80b-f5cba79af18d	GZwQPwjuB-25	e57fd0bf-638d-4f56-b93d-35cb81f0a2c1	e57fd0bf-638d-4f56-b93d-35cb81f0a2c1	t	Finished(1-0)	Base+MLP	wA1 ;bL wA1-;wL -wA1;		t	t	3	18924da9-c9d0-46a7-8382-195017154e2e	1530.2836166578852	1489.9382521684984	14.039283821344497	-14.037523098329757	2024-07-17 14:10:30.448883+03	2024-07-17 14:11:37.970649+03	Real Time	60	2	2024-07-17 14:10:37.849185+03	0	59681694020	Bullet	{}	Timeout	\N	1-0	Moves	{60000000000,60000000000,59681694020}
a3794e3f-7ef8-4030-9f5a-f256bd9926af	w9NPoW3cjWs1	e57fd0bf-638d-4f56-b93d-35cb81f0a2c1	18924da9-c9d0-46a7-8382-195017154e2e	t	Finished(0-1)	Base+MLP	wL ;bA1 wL-;wS1 -wL;bP bA1\\;	4. Resign(w);	t	t	4	e57fd0bf-638d-4f56-b93d-35cb81f0a2c1	1541.047809906544	1479.167440917787	-18.68732682906534	18.689784153164055	2024-07-17 13:10:07.379824+03	2024-07-17 13:10:24.848423+03	Real Time	60	2	2024-07-17 13:10:22.931082+03	56317432066	56415879380	Bullet	{}	Resigned	\N	0-1	Moves	{60000000000,60000000000,58332052218,56317432066}
ca68d59d-5602-4f98-ad2f-3309d28d924f	E17MJRdQiap3	e57fd0bf-638d-4f56-b93d-35cb81f0a2c1	18924da9-c9d0-46a7-8382-195017154e2e	t	Finished(0-1)	Base+MLP	wL ;bA1 wL-;wG1 -wL;bA2 bA1-;wG2 \\wL;bA3 bA1\\;wQ wG1\\;bQ \\bA2;		t	t	8	e57fd0bf-638d-4f56-b93d-35cb81f0a2c1	1457.3138172705565	1562.9120454100332	-11.253431646842046	11.254782914246789	2024-07-17 15:40:36.686046+03	2024-07-17 15:41:55.927937+03	Real Time	60	2	2024-07-17 15:40:58.839561+03	58744359776	0	Bullet	{}	Timeout	\N	0-1	Moves	{60000000000,60000000000,59431449017,58829822818,58791270652,58973874863,56980845898,58744359776}
793c2a4e-982a-42fb-922f-1c611d0d5f95	U7UP-Kvrx3zL	e57fd0bf-638d-4f56-b93d-35cb81f0a2c1	18924da9-c9d0-46a7-8382-195017154e2e	t	Finished(0-1)	Base+MLP	wA1 ;bA1 wA1-;wL -wA1;bL bA1-;wQ wL\\;bA2 \\bL;		t	t	6	e57fd0bf-638d-4f56-b93d-35cb81f0a2c1	1482.9632332790532	1537.259511517575	-13.397456175955995	13.399092096515233	2024-07-17 14:50:30.009262+03	2024-07-17 14:51:48.38253+03	Real Time	60	2	2024-07-17 14:50:49.841385+03	56809005492	0	Bullet	{}	Timeout	\N	0-1	Moves	{60000000000,60000000000,59879777991,57426231976,58469256925,56809005492}
20c96e06-56c0-4d84-9af5-c47579acb486	ONUYCsGuxbcl	18924da9-c9d0-46a7-8382-195017154e2e	e57fd0bf-638d-4f56-b93d-35cb81f0a2c1	t	Finished(0-1)	Base+MLP	wL ;bL wL-;wQ \\wL;bQ bL\\;wP /wQ;bP bQ-;wS1 /wP;bG1 bP-;wB1 wP\\;bM bG1-;wM wS1\\;bG2 bM-;wS2 wB1\\;bS1 \\bP;wA1 /wS1;bA1 \\bS1;wG1 wS2\\;bA2 bS1/;		t	t	18	18924da9-c9d0-46a7-8382-195017154e2e	1574.16682832428	1446.0603856237144	-21.28138614296472	21.27879582382343	2024-07-17 15:43:04.405661+03	2024-07-17 15:45:00.53382+03	Real Time	60	2	2024-07-17 15:44:12.508696+03	52990829495	0	Bullet	{}	Timeout	\N	0-1	Moves	{60000000000,60000000000,59603061033,59875958633,57340259149,55906425933,51719879170,54496480478,51862242015,54589796219,51462056634,54285693370,51672043998,53961498883,50604518227,53120618780,47908201424,52990829495}
9f6e7a81-86c8-4779-b1d3-bf02486e04a5	1eQC0ORQFVWI	18924da9-c9d0-46a7-8382-195017154e2e	18924da9-c9d0-46a7-8382-195017154e2e	t	Finished(1-0)	Base+MLP	wL ;bL -wL;wQ wL-;	3. Resign(b);	t	t	3	e57fd0bf-638d-4f56-b93d-35cb81f0a2c1	1467.3391814475378	1552.8854421813153	19.544366900577188	-19.54673014045784	2024-07-18 11:02:10.431178+03	2024-07-18 11:02:35.618702+03	Real Time	60	2	2024-07-18 11:02:28.91332+03	53296553410	58586470426	Bullet	{}	Resigned	\N	1-0	Moves	{60000000000,60000000000,58586470426}
cb2cb6ad-ceeb-42ba-a352-578f0d81e976	R2mh2W3n9pUH	e57fd0bf-638d-4f56-b93d-35cb81f0a2c1	18924da9-c9d0-46a7-8382-195017154e2e	t	Finished(0-1)	Base+MLP	wL ;bL wL-;wA1 -wL;bA1 bL\\;wA2 \\wL;bQ bA1/;		t	t	6	e57fd0bf-638d-4f56-b93d-35cb81f0a2c1	1486.883548348115	1533.3387120408574	-13.75059591160175	13.752232766462157	2024-07-18 11:07:43.667742+03	2024-07-18 11:09:05.9503+03	Real Time	60	2	2024-07-18 11:08:12.360612+03	58092406786	0	Bullet	{}	Timeout	\N	0-1	Moves	{60000000000,60000000000,56150492883,59686414735,53566201899,58092406786}
48a2474d-d3a3-4e56-a008-5df40da12647	cSdVRVf_yuVh	18924da9-c9d0-46a7-8382-195017154e2e	e57fd0bf-638d-4f56-b93d-35cb81f0a2c1	f	NotStarted	Base+MLP			t	t	0	18924da9-c9d0-46a7-8382-195017154e2e	\N	\N	\N	\N	2024-08-02 08:32:10.028318+03	2024-08-02 08:32:10.028319+03	Real Time	600	10	\N	600000000000	600000000000	Rapid	{}	Unknown	a46a5974-c125-419b-b1d6-c2d193d5d784	Unknown	Ready	{}
7ee0dcd3-9750-4eab-a76b-ce2a95247921	3gdX2x7jC0Cx	e57fd0bf-638d-4f56-b93d-35cb81f0a2c1	18924da9-c9d0-46a7-8382-195017154e2e	f	NotStarted	Base+MLP			t	t	0	e57fd0bf-638d-4f56-b93d-35cb81f0a2c1	\N	\N	\N	\N	2024-08-02 08:32:10.039509+03	2024-08-02 08:32:10.03951+03	Real Time	600	10	\N	600000000000	600000000000	Rapid	{}	Unknown	a46a5974-c125-419b-b1d6-c2d193d5d784	Unknown	Ready	{}
050af011-b300-43e7-bfe4-552ecbe99b83	gaIryQi27dPw	18924da9-c9d0-46a7-8382-195017154e2e	e57fd0bf-638d-4f56-b93d-35cb81f0a2c1	t	Finished(0-1)	Base+MLP	wA1 ;bA1 wA1-;wA2 -wA1;bA2 bA1-;		t	t	4	18924da9-c9d0-46a7-8382-195017154e2e	1547.0909448073196	1473.1329524365133	-19.006189018013856	19.00391978773837	2024-07-18 11:18:12.514338+03	2024-07-18 11:19:31.316073+03	Real Time	60	2	2024-07-18 11:18:35.880997+03	58458168327	0	Bullet	{}	Timeout	\N	0-1	Moves	{60000000000,60000000000,55384470020,58458168327}
d3b404d7-9d54-4afd-89c1-8f7a2d9e91d9	n2Pq8NJ3Mtr9	18924da9-c9d0-46a7-8382-195017154e2e	18924da9-c9d0-46a7-8382-195017154e2e	t	Finished(1-0)	Base+MLP	wA1 ;bL -wA1;wA2 wA1-;		t	t	3	e57fd0bf-638d-4f56-b93d-35cb81f0a2c1	1525.2355249384577	1494.98219773193	14.359115808631941	-14.360790148961769	2024-07-18 12:19:13.473899+03	2024-07-18 12:20:33.645056+03	Real Time	60	2	2024-07-18 12:19:33.524656+03	0	49749730091	Bullet	{}	Timeout	\N	1-0	Moves	{60000000000,60000000000,49749730091}
4ecfce43-80b3-47a2-9814-91e7553b7fec	JZdbJXhsgBw7	18924da9-c9d0-46a7-8382-195017154e2e	e57fd0bf-638d-4f56-b93d-35cb81f0a2c1	t	Finished(0-1)	Base+MLP	wL ;bL -wL;	2. Resign(w);	t	t	2	18924da9-c9d0-46a7-8382-195017154e2e	1473.2315262427373	1546.98369003029	-12.471314920605892	12.469881994479238	2024-07-18 14:25:39.123317+03	2024-07-18 14:26:00.944663+03	Real Time	60	2	2024-07-18 14:25:45.910439+03	60000000000	44967416490	Bullet	{}	Resigned	\N	0-1	Moves	{60000000000,60000000000}
12a4cace-6c5b-4db0-a810-a60b35625a59	twa1x6NnL7MZ	18924da9-c9d0-46a7-8382-195017154e2e	18924da9-c9d0-46a7-8382-195017154e2e	t	Finished(1-0)	Base+MLP	wA1 ;bA1 wA1-;wA2 -wA1;bL bA1-;wA3 wA2\\;bQ \\bL;wQ \\wA1;		t	t	7	e57fd0bf-638d-4f56-b93d-35cb81f0a2c1	1492.1368722242516	1528.0847557893057	17.329069029330412	-17.331121743209223	2024-07-18 11:29:32.854484+03	2024-07-18 11:31:11.922387+03	Real Time	60	2	2024-07-18 11:30:27.44584+03	0	45926556074	Bullet	{}	Timeout	\N	1-0	Moves	{60000000000,60000000000,53639231878,47827714103,46994625247,44369720337,45926556074}
c20682da-bba7-450a-bb0d-1ab2d701bfa7	fvUHk1qHLBkX	18924da9-c9d0-46a7-8382-195017154e2e	e57fd0bf-638d-4f56-b93d-35cb81f0a2c1	t	Finished(0-1)	Base+MLP	wA1 ;bL wA1-;wA2 -wA1;bA1 bL-;wL \\wA1;bQ bL\\;	6. Resign(w);	t	t	6	18924da9-c9d0-46a7-8382-195017154e2e	1480.6214075829682	1539.5946407470897	-13.108673799265944	13.107154762548817	2024-07-18 12:24:01.653664+03	2024-07-18 12:25:11.261838+03	Real Time	60	2	2024-07-18 12:24:27.947072+03	57243404610	8079786364	Bullet	{}	Resigned	\N	0-1	Moves	{60000000000,60000000000,55995271495,57529152803,51393095640,57243404610}
219300a8-280d-4947-8fb3-f94e642529af	7-DncqLqQ4qx	e57fd0bf-638d-4f56-b93d-35cb81f0a2c1	e57fd0bf-638d-4f56-b93d-35cb81f0a2c1	t	Finished(0-1)	Base+MLP	wL ;bA1 wL-;wG1 -wL;	3. Resign(w);	t	t	3	18924da9-c9d0-46a7-8382-195017154e2e	1460.7602113221315	1559.4535720247693	-11.453927706841569	11.452615536346684	2024-07-19 09:47:55.922638+03	2024-07-19 09:48:05.946579+03	Real Time	60	2	2024-07-19 09:48:04.076635+03	58131342274	60079724480	Bullet	{}	Resigned	\N	0-1	Moves	{60000000000,60000000000,60079724480}
3367836f-3401-4fa7-b1fb-b3ef2df434c0	AjJSi1HpLWKG	18924da9-c9d0-46a7-8382-195017154e2e	e57fd0bf-638d-4f56-b93d-35cb81f0a2c1	t	Finished(0-1)	Base+MLP	wL ;bA1 wL-;wQ \\wL;bQ bA1\\;		t	t	4	18924da9-c9d0-46a7-8382-195017154e2e	1510.7536340460965	1509.465941253582	-15.771436314166522	15.76958368487567	2024-07-18 11:31:21.35003+03	2024-07-18 11:32:32.722947+03	Real Time	60	2	2024-07-18 11:31:32.964895+03	59480832826	0	Bullet	{}	Timeout	\N	0-1	Moves	{60000000000,60000000000,59709675055,59480832826}
45e03c8d-4eee-4961-aea7-42e0f0b648d2	UASsqvpJ_OA4	e57fd0bf-638d-4f56-b93d-35cb81f0a2c1	18924da9-c9d0-46a7-8382-195017154e2e	t	Finished(0-1)	Base+MLP	wL ;bB1 -wL;		t	t	2	e57fd0bf-638d-4f56-b93d-35cb81f0a2c1	1552.7017955096385	1467.5127337837023	-19.350603369043938	19.35286407545209	2024-07-18 12:25:38.791431+03	2024-07-18 13:59:16.139204+03	Real Time	60	2	2024-07-18 12:25:44.000753+03	60000000000	0	Bullet	{}	Timeout	\N	0-1	Moves	{60000000000,60000000000}
3c179cb0-eb65-467a-a151-72de36836a70	iY6sgVWumynV	18924da9-c9d0-46a7-8382-195017154e2e	e57fd0bf-638d-4f56-b93d-35cb81f0a2c1	t	Finished(0-1)	Base+MLP	wL ;bA1 wL-;wG1 -wL;bA2 bA1-;wS1 wG1\\;bQ bA1\\;wQ \\wL;bP bA2\\;		t	t	8	18924da9-c9d0-46a7-8382-195017154e2e	1449.3062836152899	1570.906187561116	-10.566596180872239	10.565387257169732	2024-07-19 10:01:24.690768+03	2024-07-19 10:02:51.683167+03	Real Time	60	2	2024-07-19 10:01:54.038045+03	53536303769	0	Bullet	{}	Timeout	\N	0-1	Moves	{60000000000,60000000000,60017048833,57007253312,57910157100,55306306923,57597437706,53536303769}
7aafb54a-edb8-486f-bdd4-f43cda8fa783	Yst1Nfp6VTfC	18924da9-c9d0-46a7-8382-195017154e2e	e57fd0bf-638d-4f56-b93d-35cb81f0a2c1	t	Finished(0-1)	Base+MLP	wA1 ;bA1 wA1-;	2. Resign(w);	t	t	2	18924da9-c9d0-46a7-8382-195017154e2e	1486.8655978591544	1533.3511921405945	-13.634071616417032	13.632497889695514	2024-07-18 13:59:22.066699+03	2024-07-18 13:59:35.243197+03	Real Time	60	2	2024-07-18 13:59:33.578822+03	60000000000	58336751211	Bullet	{}	Resigned	\N	0-1	Moves	{60000000000,60000000000}
c28bc0ae-90ca-4ecf-afe8-7e01bfd71a53	EgMWzPTvc0kx	e57fd0bf-638d-4f56-b93d-35cb81f0a2c1	18924da9-c9d0-46a7-8382-195017154e2e	t	Finished(0-1)	Base+MLP	wL ;bL wL-;		t	t	2	e57fd0bf-638d-4f56-b93d-35cb81f0a2c1	1584.7162162117104	1435.4947732008102	-22.508015862251796	22.510688466538113	2024-07-19 15:26:17.365713+03	2024-07-19 15:27:26.535414+03	Real Time	60	2	2024-07-19 15:26:26.505196+03	60000000000	0	Bullet	{}	Timeout	\N	0-1	Moves	{60000000000,60000000000}
af2688e6-679e-4205-b61f-f5067b770041	Z3gWfcqgclKq	e57fd0bf-638d-4f56-b93d-35cb81f0a2c1	e57fd0bf-638d-4f56-b93d-35cb81f0a2c1	t	Finished(0-1)	Base+MLP	wA1 ;bA1 -wA1;wA2 wA1-;	3. Resign(w);	t	t	3	18924da9-c9d0-46a7-8382-195017154e2e	1419.8302611224442	1600.3788358192032	-8.523935120870192	8.522955821929827	2024-07-19 15:17:42.090473+03	2024-07-19 15:18:07.424689+03	Real Time	60	2	2024-07-19 15:18:05.225714+03	57802271088	60186388500	Bullet	{}	Resigned	\N	0-1	Moves	{60000000000,60000000000,60186388500}
38f3cdb7-d241-4092-927f-52d376101d4a	SffULVsEQEZO	18924da9-c9d0-46a7-8382-195017154e2e	e57fd0bf-638d-4f56-b93d-35cb81f0a2c1	t	Finished(0-1)	Base+MLP	wL ;bA1 wL-;		t	t	2	18924da9-c9d0-46a7-8382-195017154e2e	1428.9469067623234	1591.2632349121975	-9.116645639879152	9.115600907005728	2024-07-19 13:53:40.640475+03	2024-07-19 15:15:55.818068+03	Real Time	60	2	2024-07-19 13:53:57.88257+03	60000000000	0	Bullet	{}	Timeout	\N	0-1	Moves	{60000000000,60000000000}
cb48ae80-0352-49e7-b9b2-5d5072df2dd0	H_3ceRxzdu2u	18924da9-c9d0-46a7-8382-195017154e2e	18924da9-c9d0-46a7-8382-195017154e2e	t	Finished(1-0)	Base+MLP	wA1 ;bB1 wA1-;wA2 /wA1;	3. Resign(b);	t	t	3	e57fd0bf-638d-4f56-b93d-35cb81f0a2c1	1581.4715748182857	1438.7396874344176	9.791660093911787	-9.792780672094295	2024-07-19 11:09:20.726278+03	2024-07-19 11:10:50.635835+03	Real Time	60	2	2024-07-19 11:10:49.393588+03	58759206367	13730255548	Bullet	{}	Resigned	\N	1-0	Moves	{60000000000,60000000000,13730255548}
0ef02da5-38c4-4d5d-a147-272f673d737b	ZGiX6S-CJhPO	e57fd0bf-638d-4f56-b93d-35cb81f0a2c1	18924da9-c9d0-46a7-8382-195017154e2e	t	Finished(1-0)	Base+MLP	wA1 ;bA1 wA1-;	2. Resign(b);	t	t	2	e57fd0bf-638d-4f56-b93d-35cb81f0a2c1	1562.2082003494586	1458.0054616673483	11.550289199147073	-11.551632893064152	2024-07-19 11:11:40.809761+03	2024-07-19 15:31:15.045711+03	Real Time	60	2	2024-07-19 15:31:07.736931+03	60000000000	52692915196	Bullet	{}	Resigned	\N	1-0	Moves	{60000000000,60000000000}
bc69ffad-0fb3-45a0-aee2-6731e01129ce	M9RtRrUJ90Yu	e57fd0bf-638d-4f56-b93d-35cb81f0a2c1	18924da9-c9d0-46a7-8382-195017154e2e	t	Finished(0-1)	Base+MLP	wA1 ;bA1 wA1-;	2. Resign(w);	t	t	2	e57fd0bf-638d-4f56-b93d-35cb81f0a2c1	1608.901791641133	1411.306326001574	-24.18557542942267	24.18844719923618	2024-07-19 15:19:19.5455+03	2024-07-19 15:19:33.696689+03	Real Time	60	2	2024-07-19 15:19:29.110653+03	60000000000	55415294017	Bullet	{}	Resigned	\N	0-1	Moves	{60000000000,60000000000}
5615d8b6-475f-441b-b5e1-f4c2f31fb000	WVt9fMC-cGDj	18924da9-c9d0-46a7-8382-195017154e2e	e57fd0bf-638d-4f56-b93d-35cb81f0a2c1	t	Finished(0-1)	Base+MLP	wL ;bL wL-;		t	t	2	18924da9-c9d0-46a7-8382-195017154e2e	1446.4538287742841	1573.7584895486057	-10.621502723105323	10.620272836716367	2024-07-19 15:35:12.588136+03	2024-07-19 15:36:21.38625+03	Real Time	60	2	2024-07-19 15:35:21.310665+03	60000000000	0	Bullet	{}	Timeout	\N	0-1	Moves	{60000000000,60000000000}
ba3eda5b-0d36-462d-b4cf-1a585ffe750a	pPiN6Blac40N	e57fd0bf-638d-4f56-b93d-35cb81f0a2c1	18924da9-c9d0-46a7-8382-195017154e2e	t	Finished(1-0)	Base+MLP	wL ;bA1 wL-;	2. Resign(b);	t	t	2	e57fd0bf-638d-4f56-b93d-35cb81f0a2c1	1584.378762385322	1435.8323260511788	9.815844719791357	-9.816978563156454	2024-07-19 15:44:48.562116+03	2024-07-19 15:45:08.83327+03	Real Time	60	2	2024-07-19 15:45:04.726185+03	60000000000	55894383224	Bullet	{}	Resigned	\N	1-0	Moves	{60000000000,60000000000}
8c401682-74d7-4310-b7ae-6e4d04aae7a9	hfZMoF3i2kXu	e57fd0bf-638d-4f56-b93d-35cb81f0a2c1	18924da9-c9d0-46a7-8382-195017154e2e	t	Finished(1-0)	Base+MLP	wA1 ;bA1 wA1-;	2. Resign(b);	t	t	2	e57fd0bf-638d-4f56-b93d-35cb81f0a2c1	1594.1946071051134	1426.0153474880224	9.117850200631892	-9.118902573995001	2024-07-19 15:51:08.457912+03	2024-07-19 15:51:23.877498+03	Real Time	60	2	2024-07-19 15:51:18.945809+03	60000000000	55069420867	Bullet	{}	Resigned	\N	1-0	Moves	{60000000000,60000000000}
b07695a4-51e2-4fec-b0eb-1ccc3b74dbe6	WtrILMTQyvPa	18924da9-c9d0-46a7-8382-195017154e2e	e57fd0bf-638d-4f56-b93d-35cb81f0a2c1	t	Finished(0-1)	Base+MLP	wA1 ;bA1 wA1-;wA2 \\wA1;bA2 bA1\\;wA3 /wA1;bA3 bA2/;		t	t	6	18924da9-c9d0-46a7-8382-195017154e2e	1416.8964449140274	1603.3124573057453	-8.51058894916514	8.509606131627152	2024-07-19 15:59:03.562577+03	2024-07-19 16:00:28.963819+03	Real Time	60	2	2024-07-19 15:59:35.900431+03	55334339735	0	Bullet	{}	Timeout	\N	0-1	Moves	{60000000000,60000000000,55224273176,57521236802,52983796265,55334339735}
73a6e807-9072-4781-b675-e7e3952f44b5	4QNUUYS2DrVa	18924da9-c9d0-46a7-8382-195017154e2e	18924da9-c9d0-46a7-8382-195017154e2e	t	Finished(1-0)	Base+MLP	wA1 ;bA1 wA1-;wA2 -wA1;	3. Resign(b);	t	t	3	e57fd0bf-638d-4f56-b93d-35cb81f0a2c1	1611.8220634373724	1408.3858559648622	7.976959468489213	-7.977882475131992	2024-07-19 16:15:07.002089+03	2024-07-19 16:15:27.707558+03	Real Time	60	2	2024-07-19 16:15:23.748705+03	56043027537	55746378982	Bullet	{}	Resigned	\N	1-0	Moves	{60000000000,60000000000,55746378982}
e181ea22-7c30-433d-b5e3-17c9e8f17605	Dqau5cGNnt4D	e57fd0bf-638d-4f56-b93d-35cb81f0a2c1	18924da9-c9d0-46a7-8382-195017154e2e	t	Finished(0-1)	Base+MLP	wA1 ;bA1 wA1-;wQ /wA1;bG1 bA1\\;		t	t	4	e57fd0bf-638d-4f56-b93d-35cb81f0a2c1	1619.7990229058616	1400.4079734897302	-25.614102796262387	25.617176501189306	2024-07-19 16:18:53.539488+03	2024-07-19 16:20:13.066958+03	Real Time	60	2	2024-07-19 16:19:26.73065+03	55870645873	0	Bullet	{}	Timeout	\N	0-1	Moves	{60000000000,60000000000,46204322786,55870645873}
c8c177db-b5ea-490c-81c9-30617819032d	f6rMknjIZFQV	18924da9-c9d0-46a7-8382-195017154e2e	e57fd0bf-638d-4f56-b93d-35cb81f0a2c1	t	Finished(0-1)	Base+MLP	wL ;bL wL-;wG1 -wL;bB1 bL-;		t	t	4	18924da9-c9d0-46a7-8382-195017154e2e	1445.0668741741285	1575.1455811686724	-10.856685632426434	10.855426306322443	2024-07-22 13:43:13.223131+03	2024-07-22 13:44:27.399721+03	Real Time	60	2	2024-07-22 13:43:27.735619+03	57645104941	0	Bullet	{}	Timeout	\N	0-1	Moves	{60000000000,60000000000,59599271214,57645104941}
d72ae3fd-4906-4397-a04c-a1ccf86ce3dd	keG57EVFuycM	e57fd0bf-638d-4f56-b93d-35cb81f0a2c1	18924da9-c9d0-46a7-8382-195017154e2e	t	Finished(1-0)	Base+MLP	wA1 ;bA1 wA1-;	2. Resign(b);	t	t	2	e57fd0bf-638d-4f56-b93d-35cb81f0a2c1	1594.1849201095993	1426.0251499909195	9.320886728374035	-9.321975549747322	2024-07-19 16:23:54.467842+03	2024-07-19 16:24:16.747381+03	Real Time	60	2	2024-07-19 16:24:09.980309+03	60000000000	53234652115	Bullet	{}	Resigned	\N	1-0	Moves	{60000000000,60000000000}
6b12e107-0051-403d-bff6-13fb9a83a641	OJYz44pARqdA	e57fd0bf-638d-4f56-b93d-35cb81f0a2c1	e57fd0bf-638d-4f56-b93d-35cb81f0a2c1	t	Finished(1-0)	Base+MLP	wL ;bB1 wL-;wM -wL;	3. Resign(b);	t	t	3	18924da9-c9d0-46a7-8382-195017154e2e	1433.4174880546677	1586.7935359501987	23.516828203129535	-23.514009687368798	2024-07-22 12:59:06.67927+03	2024-07-22 12:59:41.316146+03	Real Time	60	2	2024-07-22 12:59:38.179932+03	56865126465	51334136567	Bullet	{}	Resigned	\N	1-0	Moves	{60000000000,60000000000,51334136567}
a6053e88-55ef-496a-8282-03786cd0a519	9b3KkmajpHrC	18924da9-c9d0-46a7-8382-195017154e2e	e57fd0bf-638d-4f56-b93d-35cb81f0a2c1	t	Finished(0-1)	Base+MLP	wA1 ;bL wA1-;		t	t	2	18924da9-c9d0-46a7-8382-195017154e2e	1402.749044028214	1617.4586658010342	-8.022810451436726	8.021874804471508	2024-07-19 15:46:47.745733+03	2024-07-22 20:25:58.179679+03	Real Time	60	2	2024-07-22 20:24:58.113935+03	60000000000	0	Bullet	{}	Timeout	\N	0-1	Moves	{60000000000,60000000000}
0bb05c74-deb0-4ee9-beaf-dce05d0d8f75	HaUVVW0OHxDF	e57fd0bf-638d-4f56-b93d-35cb81f0a2c1	18924da9-c9d0-46a7-8382-195017154e2e	t	Finished(1-0)	Base+MLP	wA1 ;bA1 wA1-;	2. Resign(b);	t	t	2	e57fd0bf-638d-4f56-b93d-35cb81f0a2c1	1586.0010074749948	1434.210188541702	9.990106218493793	-9.991259282636747	2024-07-22 15:27:49.189715+03	2024-07-22 15:28:02.587973+03	Real Time	60	2	2024-07-22 15:28:01.090655+03	60000000000	58504028504	Bullet	{}	Resigned	\N	1-0	Moves	{60000000000,60000000000}
1848bff2-7af7-4c87-8fa1-0552f7a56ed3	nLZOSQT9g37e	18924da9-c9d0-46a7-8382-195017154e2e	18924da9-c9d0-46a7-8382-195017154e2e	t	Finished(1-0)	Base+MLP	wA1 ;bL -wA1;wA2 wA1-;bG1 /bL;wP wA1\\;		t	t	5	e57fd0bf-638d-4f56-b93d-35cb81f0a2c1	1605.2370990574864	1414.9718797540509	8.602645372935513	-8.60363450592854	2024-07-22 16:02:50.50917+03	2024-07-22 16:04:23.634502+03	Real Time	60	2	2024-07-22 16:03:24.552718+03	0	44758557864	Bullet	{}	Timeout	\N	1-0	Moves	{60000000000,60000000000,55825063111,59041794493,44758557864}
2e96591c-c9c5-401f-82e7-5638671255f6	FHGuZivh4bd0	18924da9-c9d0-46a7-8382-195017154e2e	18924da9-c9d0-46a7-8382-195017154e2e	t	Finished(1-0)	Base+MLP	wA1 ;bA1 wA1-;wA2 -wA1;bA2 bA1-;wA3 \\wA1;bQ bA1\\;wQ wA2\\;	7. Resign(b);	t	t	7	e57fd0bf-638d-4f56-b93d-35cb81f0a2c1	1603.5058068379733	1416.7031744411722	8.6715294803073	-8.672540464126314	2024-07-19 16:32:16.579876+03	2024-07-19 16:32:52.660582+03	Real Time	60	2	2024-07-19 16:32:42.153159+03	48049290107	52818531377	Bullet	{}	Resigned	\N	1-0	Moves	{60000000000,60000000000,58021315288,60013732685,56378725464,58555178410,52818531377}
ded6cfa2-fdaf-4c31-8b66-0677a2be3c22	1g7zMrws5TWK	e57fd0bf-638d-4f56-b93d-35cb81f0a2c1	18924da9-c9d0-46a7-8382-195017154e2e	t	Finished(1-0)	Base+MLP	wA1 ;bA1 wA1-;wA2 -wA1;bS1 bA1\\;wA3 \\wA1;bQ bA1/;wQ wA2\\;bS2 /bS1;wL \\wA2;bA2 bQ\\;	10. Resign(b);	t	t	10	e57fd0bf-638d-4f56-b93d-35cb81f0a2c1	1621.8829031643313	1398.324161190915	7.553641764003032	-7.554512333502089	2024-07-22 18:46:26.513973+03	2024-07-22 18:47:11.552121+03	Real Time	60	2	2024-07-22 18:47:07.542558+03	52318043128	46734593605	Bullet	{}	Resigned	\N	1-0	Moves	{60000000000,60000000000,58216939986,58986759064,56590059368,57922323438,53644210319,56576247272,50741948957,52318043128}
a0db0186-0271-49cf-8260-12c5f3824a2e	EkkIhZ2js47H	18924da9-c9d0-46a7-8382-195017154e2e	18924da9-c9d0-46a7-8382-195017154e2e	t	Finished(1-0)	Base+MLP	wA1 ;bA1 wA1-;wA2 -wA1;bQ bA1-;wL \\wA1;bL bA1\\;wQ wA2\\;	7. Resign(b);	t	t	7	e57fd0bf-638d-4f56-b93d-35cb81f0a2c1	1563.27952626283	1456.9343162577973	11.866054905842475	-11.86744208366872	2024-07-22 13:00:37.230141+03	2024-07-22 13:01:14.96909+03	Real Time	60	2	2024-07-22 13:01:09.040646+03	52614135443	46614890441	Bullet	{}	Resigned	\N	1-0	Moves	{60000000000,60000000000,50638811311,58716959639,48414743571,58541304684,46614890441}
5ae41918-cb7e-4950-906b-067d9dac6c94	yf0J8EyVXt4N	e57fd0bf-638d-4f56-b93d-35cb81f0a2c1	e57fd0bf-638d-4f56-b93d-35cb81f0a2c1	t	Finished(1-0)	Base+MLP	wA1 ;bA1 wA1-;wA2 -wA1;		t	t	3	18924da9-c9d0-46a7-8382-195017154e2e	1408.030633977046	1612.1773363182806	25.38685407762182	-25.383800368081893	2024-07-19 16:32:54.867581+03	2024-07-19 16:34:11.666564+03	Real Time	60	2	2024-07-19 16:33:11.554881+03	0	57803568200	Bullet	{}	Timeout	\N	1-0	Moves	{60000000000,60000000000,57803568200}
152ccfe8-12c9-4ed7-a351-b5ea5b67892c	CSpT5rJLU4ND	e57fd0bf-638d-4f56-b93d-35cb81f0a2c1	18924da9-c9d0-46a7-8382-195017154e2e	t	Finished(1-0)	Base+MLP	wL ;bA1 wL-;	2. Resign(b);	t	t	2	e57fd0bf-638d-4f56-b93d-35cb81f0a2c1	1595.9911136934886	1424.2189292590654	9.245985363997761	-9.247049505014502	2024-07-22 15:31:37.166614+03	2024-07-22 15:31:46.362552+03	Real Time	60	2	2024-07-22 15:31:43.652096+03	60000000000	57290846830	Bullet	{}	Resigned	\N	1-0	Moves	{60000000000,60000000000}
95701b73-66c0-4b43-a85f-76afada971c0	GA17VAE2Yr8s	18924da9-c9d0-46a7-8382-195017154e2e	e57fd0bf-638d-4f56-b93d-35cb81f0a2c1	t	Finished(0-1)	Base+MLP	wA1 ;bA1 wA1-;wA2 \\wA1;bB1 bA1\\;wL /wA1;bQ bA1/;wQ \\wL;bP bQ\\;wS1 wL\\;bS1 bP\\;wA3 wA2/;bB2 bS1/;		t	t	12	18924da9-c9d0-46a7-8382-195017154e2e	1406.3682452481223	1613.839744430422	-8.044084057207328	8.043158733909422	2024-07-22 18:43:18.398955+03	2024-07-22 18:44:51.262395+03	Real Time	60	2	2024-07-22 18:43:55.626527+03	55561119119	0	Bullet	{}	Timeout	\N	0-1	Moves	{60000000000,60000000000,59404567498,59484923143,59080462358,58589040904,59324737292,57707570575,59596540643,57083851137,55558988955,55561119119}
9ff526fc-461d-4255-9b09-4924c0463d1f	eKSOyhAYzHrG	18924da9-c9d0-46a7-8382-195017154e2e	e57fd0bf-638d-4f56-b93d-35cb81f0a2c1	t	Finished(0-1)	Base+MLP	wL ;bA1 wL-;		t	t	2	18924da9-c9d0-46a7-8382-195017154e2e	1390.769648857413	1629.4365449283343	-7.123580484186505	7.122757300393232	2024-07-22 19:17:26.338112+03	2024-07-22 19:18:31.301538+03	Real Time	60	2	2024-07-22 19:17:31.167845+03	60000000000	0	Bullet	{}	Timeout	\N	0-1	Moves	{60000000000,60000000000}
86946d06-8bff-481a-b57b-8aab78dd24cf	GyT4UBJV41ok	e57fd0bf-638d-4f56-b93d-35cb81f0a2c1	18924da9-c9d0-46a7-8382-195017154e2e	t	Finished(0-1)	Base+MLP	wA1 ;bA1 wA1-;	2. TakebackRequest(w);2. TakebackAccept(b);3. TakebackRequest(b);3. TakebackAccept(w);2. TakebackRequest(w);2. TakebackAccept(b);	t	t	2	e57fd0bf-638d-4f56-b93d-35cb81f0a2c1	1636.5593022287276	1383.6460683732264	-27.69709197297402	27.70043602009855	2024-07-22 19:45:25.946053+03	2024-07-22 19:47:33.543625+03	Real Time	60	2	2024-07-22 19:46:37.095365+03	12795188156	0	Bullet	{}	Timeout	\N	0-1	Moves	{60000000000,12795188156}
0c584450-7729-45df-b10f-8d7418ddb64e	3WW6tGKpUlo5	18924da9-c9d0-46a7-8382-195017154e2e	e57fd0bf-638d-4f56-b93d-35cb81f0a2c1	t	Finished(0-1)	Base+MLP	wA1 ;bA1 wA1-;		t	t	2	18924da9-c9d0-46a7-8382-195017154e2e	1411.346504393325	1608.8622102557536	-8.59746036511092	8.596455545280605	2024-07-22 20:21:00.185993+03	2024-07-22 20:22:04.503148+03	Real Time	60	2	2024-07-22 20:21:04.395136+03	60000000000	0	Bullet	{}	Timeout	\N	0-1	Moves	{60000000000,60000000000}
c1765b46-7513-4acd-8e79-45ff6fb484fd	0ZO-KaE-ZAJt	e57fd0bf-638d-4f56-b93d-35cb81f0a2c1	18924da9-c9d0-46a7-8382-195017154e2e	t	Finished(0-1)	Base+MLP	wA1 ;bA1 wA1-;		t	t	2	e57fd0bf-638d-4f56-b93d-35cb81f0a2c1	1625.4805406055057	1394.7262335767773	-27.29017000733802	27.29347202421718	2024-07-22 20:26:31.551187+03	2024-07-22 20:27:46.578339+03	Real Time	60	2	2024-07-22 20:26:46.556746+03	60000000000	0	Bullet	{}	Timeout	\N	0-1	Moves	{60000000000,60000000000}
f77d7630-f1e4-480d-a1b3-234f22de9ae3	YUUH_2bbjL5z	e57fd0bf-638d-4f56-b93d-35cb81f0a2c1	18924da9-c9d0-46a7-8382-195017154e2e	t	Finished(0-1)	Base+MLP	wA1 ;bL wA1-;		t	t	2	e57fd0bf-638d-4f56-b93d-35cb81f0a2c1	1607.6564299725471	1412.552537939439	-26.059200615046848	26.062334052879578	2024-07-22 20:36:36.134228+03	2024-07-22 20:37:42.577289+03	Real Time	60	2	2024-07-22 20:36:42.534204+03	60000000000	0	Bullet	{}	Timeout	\N	0-1	Moves	{60000000000,60000000000}
bc42d218-c005-4514-966d-b96bb60ec92f	5j5TnkcHx-yw	18924da9-c9d0-46a7-8382-195017154e2e	e57fd0bf-638d-4f56-b93d-35cb81f0a2c1	t	Finished(0-1)	Base+MLP	wB1 ;bA1 -wB1;		t	t	2	18924da9-c9d0-46a7-8382-195017154e2e	1422.0197056009945	1598.1903705981676	-9.46716766155555	9.466059374379483	2024-07-22 20:30:24.20213+03	2024-07-22 20:31:30.899998+03	Real Time	60	2	2024-07-22 20:30:30.786182+03	60000000000	0	Bullet	{}	Timeout	\N	0-1	Moves	{60000000000,60000000000}
6b8db993-142c-4b34-b7f0-69c24893e235	gMU6bvgJzUWf	e57fd0bf-638d-4f56-b93d-35cb81f0a2c1	e57fd0bf-638d-4f56-b93d-35cb81f0a2c1	t	Finished(1-0)	Base+MLP	wG1 ;bA1 -wG1;wL wG1-;		t	t	3	18924da9-c9d0-46a7-8382-195017154e2e	1438.6148719923185	1581.5972293575003	23.927180966664764	-23.92432675660052	2024-07-22 20:39:45.72059+03	2024-07-22 20:40:53.082939+03	Real Time	60	2	2024-07-22 20:39:51.490651+03	0	60081924497	Bullet	{}	Timeout	\N	1-0	Moves	{60000000000,60000000000,60081924497}
32873168-7d87-4e3b-a1ad-dfb481d98e0a	UNONCPe1AADX	e57fd0bf-638d-4f56-b93d-35cb81f0a2c1	18924da9-c9d0-46a7-8382-195017154e2e	t	Finished(0-1)	Base+MLP	wA1 ;bL -wA1;wA2 wA1-;bG1 /bL;wA3 \\wA2;bA1 bG1\\;		t	t	6	e57fd0bf-638d-4f56-b93d-35cb81f0a2c1	1557.6729026008998	1462.5420529589833	-21.693590826008858	21.696147907545537	2024-07-22 20:42:25.900576+03	2024-07-22 20:43:40.070688+03	Real Time	60	2	2024-07-22 20:42:56.268252+03	57806219647	0	Bullet	{}	Timeout	\N	0-1	Moves	{60000000000,60000000000,58850088148,59382759771,43721344605,57806219647}
788236c7-829c-4b6c-987b-f83d9d0429f3	dt6tmiarAMJH	e57fd0bf-638d-4f56-b93d-35cb81f0a2c1	e57fd0bf-638d-4f56-b93d-35cb81f0a2c1	t	Finished(1-0)	Base+MLP	wB1 ;	2. TakebackRequest(w);2. TakebackAccept(b);	t	t	1	18924da9-c9d0-46a7-8382-195017154e2e	1258.3755759841083	1741.6244240158917	381.01190028416704	-381.01190028416727	2024-07-25 12:32:21.309747+03	2024-07-25 12:32:36.502875+03	Correspondence	\N	86400	2024-07-25 12:32:36.368548+03	0	86400000000000	Correspondence	{}	Timeout	\N	1-0	Moves	{86400000000000}
2202f599-489d-477e-9243-2482429198dd	jHSCvXEzRPuP	18924da9-c9d0-46a7-8382-195017154e2e	18924da9-c9d0-46a7-8382-195017154e2e	t	Finished(1-0)	Base+MLP	wA1 ;bL wA1-;wL \\wA1;bQ bL\\;wQ /wA1;	2. TakebackRequest(b);2. TakebackAccept(w);4. TakebackRequest(b);4. TakebackAccept(w);3. TakebackRequest(b);3. TakebackAccept(w);3. TakebackRequest(w);3. TakebackReject(b);6. TakebackRequest(w);6. TakebackAccept(b);	t	t	5	e57fd0bf-638d-4f56-b93d-35cb81f0a2c1	1534.9265869977853	1485.2910516239904	14.309380736999174	-14.310976839693012	2024-07-25 12:11:37.358014+03	2024-07-25 12:29:41.11203+03	Real Time	60	2	2024-07-25 12:29:40.775947+03	0	49252000301	Bullet	{}	Timeout	\N	1-0	Moves	{60000000000,60239720050,49113519802,54756719649,49252000301}
ade12a95-b1f1-4bbb-957d-3279a1b83e6e	xQGRi_dbYmQx	18924da9-c9d0-46a7-8382-195017154e2e	e57fd0bf-638d-4f56-b93d-35cb81f0a2c1	t	Finished(0-1)	Base+MLP	wL ;bA1 wL-;		t	t	2	18924da9-c9d0-46a7-8382-195017154e2e	1484.2382008665288	1535.979311774891	-14.626167567704442	14.624481749229744	2024-07-23 09:21:46.788439+03	2024-07-23 09:22:51.170381+03	Real Time	60	2	2024-07-23 09:21:51.120476+03	60000000000	0	Bullet	{}	Timeout	\N	0-1	Moves	{60000000000,60000000000}
daa54129-b469-484b-ab73-e204dcbf6b8d	dFJVQI0UUIUz	18924da9-c9d0-46a7-8382-195017154e2e	e57fd0bf-638d-4f56-b93d-35cb81f0a2c1	t	Finished(0-1)	Base+MLP	wG1 ;bA1 wG1-;wG2 -wG1;bB1 bA1-;wA1 \\wG1;bA2 bA1\\;wQ wG2\\;bQ bB1\\;wA2 wQ\\;bA3 \\bB1;wA3 -wG2;bP bQ/;wB1 wA2\\;bL bA2\\;wG3 /wA2;bM bL\\;wP wB1\\;bS1 bP-;wP /bL;bM \\wP;wL wP\\;bM bL\\;wM wL\\;bM wM/;wG3 bL\\;bS2 bM-;wM wB1\\;bS2 bP\\;wM bM/;bB2 bM\\;wS1 /wL;bG1 bS1\\;wB2 wM-;bG2 \\bA3;wB2 wM\\;bG3 bG1/;	36. Resign(w);	t	t	36	18924da9-c9d0-46a7-8382-195017154e2e	1845.1945846662272	1154.8054153337728	-373.0108135201813	373.01081352018105	2024-07-23 08:46:15.725284+03	2024-07-23 09:17:25.471511+03	Real Time	1200	20	2024-07-23 09:17:09.206384+03	637833705851	577938328654	Classic	{}	Resigned	\N	0-1	Moves	{1200000000000,1200000000000,1218293615587,1153809870537,1234557292837,1167338923784,1251438977835,1091955045495,1266699288719,1095828226008,1283128730018,1030997433107,1148312422601,918385736955,1110906103599,919312505837,1024094874304,806670344147,1036058657241,819609894076,961366210532,837488885230,970908399996,769439110970,986786636254,782731819097,1004387104542,733486921736,1020662352498,624806533935,1011239180445,641590737175,947305646900,651915693880,594202101974,637833705851}
38daec78-f1a9-460d-baad-ca27839bfc6e	5UPe0hsyCnea	18924da9-c9d0-46a7-8382-195017154e2e	18924da9-c9d0-46a7-8382-195017154e2e	t	Finished(1-0)	Base+MLP	wL ;bL -wL;wQ wL/;bQ \\bL;wP \\wQ;bQ \\wL;wG1 wQ/;bS1 \\bL;wG1 \\bQ;		t	t	9	e57fd0bf-638d-4f56-b93d-35cb81f0a2c1	1550.6037935241206	1469.6120332988244	13.189651421141434	-13.191153665783986	2024-07-25 12:09:22.566864+03	2024-07-25 12:09:47.077119+03	Real Time	60	2	2024-07-25 12:09:47.077121+03	60185285415	57741825124	Bullet	{}	Board	\N	1-0	Moves	{60000000000,60000000000,59852072228,60252137423,57902522165,60255294375,57839205477,60185285415,57741825124}
86a87f2f-f4a4-46ba-88c6-956c92ffa407	xeaVv1Yn_EV5	18924da9-c9d0-46a7-8382-195017154e2e	18924da9-c9d0-46a7-8382-195017154e2e	t	Finished(½-½)	Base+MLP	wL ;bL -wL;wQ wL/;bQ \\bL;wB1 \\wQ;bQ \\wL;wB1 bQ;bL wQ\\;wL bL\\;pass ;wP wQ/;pass ;wG1 -wB1;pass ;wG2 wG1\\;pass ;wM \\wB1;pass ;wB2 \\wQ;pass ;wG3 \\wP;pass ;wG3 wP\\;pass ;wB1 bQ\\;		t	t	25	e57fd0bf-638d-4f56-b93d-35cb81f0a2c1	1395.0636211897927	1604.936378810207	39.42215049302558	-39.42215049302558	2024-07-23 16:25:32.078477+03	2024-07-23 16:26:13.887278+03	Real Time	600	10	2024-07-23 16:26:13.88728+03	703787525139	690435377281	Rapid	{}	Board	\N	½-½	Moves	{600000000000,600000000000,600000000000,608338272995,608426152975,616159679081,617002677219,623386951924,631631998876,633787525139,636005240062,643787525139,643342988972,653787525139,650538327426,663787525139,658606710530,673787525139,666645495693,683787525139,673137502150,693787525139,681777860007,703787525139,703787525139}
6b637e77-64b4-45ac-a681-67e699a2c88f	tJ5yWuH3XGts	18924da9-c9d0-46a7-8382-195017154e2e	e57fd0bf-638d-4f56-b93d-35cb81f0a2c1	t	Finished(1-0)	Base+MLP	wL ;bL wL-;wQ \\wL;bQ bL/;	4. Resign(b);	t	t	4	18924da9-c9d0-46a7-8382-195017154e2e	1464.4111145551637	1555.804157920957	20.87993706882662	-20.87757092317179	2024-07-25 12:11:22.848186+03	2024-07-25 12:11:33.558162+03	Real Time	60	2	2024-07-25 12:11:32.509329+03	59705841998	59197689529	Bullet	{}	Resigned	\N	1-0	Moves	{60000000000,60000000000,60244723312,59705841998}
92b538f5-36e2-491c-afc7-bb58821d0c47	vfdwpnIAAQjF	18924da9-c9d0-46a7-8382-195017154e2e	e57fd0bf-638d-4f56-b93d-35cb81f0a2c1	t	Finished(1-0)	Base+MLP	wA1 ;bA1 wA1-;	2. Resign(b);	t	t	2	18924da9-c9d0-46a7-8382-195017154e2e	1456.4208796330404	1563.793444945262	21.81188443680867	-21.80938012330307	2024-07-25 12:09:50.004818+03	2024-07-25 12:09:58.276251+03	Real Time	60	2	2024-07-25 12:09:57.114205+03	60000000000	58839175968	Bullet	{}	Resigned	\N	1-0	Moves	{60000000000,60000000000}
6b57bf6b-2fa3-4b29-85ff-46b43e1a0c9f	Cm1hglOGgzHS	18924da9-c9d0-46a7-8382-195017154e2e	18924da9-c9d0-46a7-8382-195017154e2e	t	Finished(1-0)	Base+MLP	wL ;	2. TakebackRequest(w);2. TakebackAccept(b);	t	t	1	e57fd0bf-638d-4f56-b93d-35cb81f0a2c1	1500	1500	241.6244240158917	-241.6244240158917	2024-07-25 12:31:47.249504+03	2024-07-25 12:31:59.040683+03	Correspondence	\N	86400	2024-07-25 12:31:58.872509+03	0	86400000000000	Correspondence	{}	Timeout	\N	1-0	Moves	{86400000000000}
fa952bf5-81a4-4f52-aaca-8ac958bb47eb	3q83fu9yRBZG	18924da9-c9d0-46a7-8382-195017154e2e	18924da9-c9d0-46a7-8382-195017154e2e	t	Finished(1-0)	Base+MLP	wL ;bL wL-;wQ \\wL;bB1 bL/;wQ \\bL;bQ bB1\\;wL bQ/;bB1 wQ;wL \\bQ;bL wL/;pass ;bS1 bQ-;pass ;bG1 /bQ;pass ;bP bQ\\;pass ;bA1 bL-;pass ;bG2 bS1-;pass ;	21. Resign(b);	t	t	21	e57fd0bf-638d-4f56-b93d-35cb81f0a2c1	1527.8162288539538	1472.183771146046	128.3950570673287	-128.3950570673287	2024-07-23 09:17:27.7704+03	2024-07-23 09:21:40.911662+03	Real Time	1200	20	2024-07-23 09:21:32.161665+03	1151443944926	1388759978529	Classic	{}	Resigned	\N	1-0	Moves	{1200000000000,1200000000000,1217990160270,1218499725239,1233559931920,1236675575070,1250295482043,1254217763878,1268759978529,1288759978529,1288759978529,1308759978529,1308759978529,1328759978529,1328759978529,1348759978529,1348759978529,1368759978529,1368759978529,1388759978529,1388759978529}
25f3816c-f29a-4578-9316-27a8918a781b	anHnTpRglzFc	e57fd0bf-638d-4f56-b93d-35cb81f0a2c1	18924da9-c9d0-46a7-8382-195017154e2e	t	Finished(1-0)	Base+MLP	wA1 ;bL -wA1;	2. Resign(b);	t	t	2	e57fd0bf-638d-4f56-b93d-35cb81f0a2c1	1541.984064821959	1478.232764069849	13.820093098998086	-13.821649514685305	2024-07-25 12:10:00.887603+03	2024-07-25 12:10:06.200552+03	Real Time	60	2	2024-07-25 12:10:04.930871+03	60000000000	58732616040	Bullet	{}	Resigned	\N	1-0	Moves	{60000000000,60000000000}
f594c14d-ae96-48a8-bd48-ab7934cbbd5c	eBqmAXSFm9nj	e57fd0bf-638d-4f56-b93d-35cb81f0a2c1	18924da9-c9d0-46a7-8382-195017154e2e	t	Finished(1-0)	Base+MLP	wL ;bL wL-;wQ /wL;bG1 bL/;	2. TakebackRequest(w);2. TakebackAccept(b);5. TakebackRequest(b);5. TakebackAccept(w);4. Resign(b);	t	t	4	e57fd0bf-638d-4f56-b93d-35cb81f0a2c1	1702.5273293693733	1297.4726706306265	38.75450742977182	-38.75450742977182	2024-07-25 12:50:03.71988+03	2024-07-25 12:56:31.833071+03	Correspondence	172800	\N	2024-07-25 12:56:22.666942+03	172791647913067	172781094763536	Correspondence	{}	Resigned	\N	1-0	Moves	{172800000000000,172800000000000,172794072722890,172791647913067}
9172e359-c09e-462e-9ca4-825f925ab74c	c9qdqee8AwSZ	18924da9-c9d0-46a7-8382-195017154e2e	18924da9-c9d0-46a7-8382-195017154e2e	t	Finished(1-0)	Base+MLP	wL ;bL wL-;wA1 -wL;	3. Resign(b);	t	t	3	e57fd0bf-638d-4f56-b93d-35cb81f0a2c1	1360.6125237317244	1639.3874762682753	264.78068072203837	-264.78068072203837	2024-07-25 12:34:47.932284+03	2024-07-25 12:35:04.952842+03	Correspondence	\N	172800	2024-07-25 12:34:57.388008+03	172792436465880	172800000000000	Correspondence	{}	Resigned	\N	1-0	Moves	{172800000000000,172800000000000,172800000000000}
b37edb12-053d-432f-b5f7-af80b7045b66	6TMxY4Jxu-pH	18924da9-c9d0-46a7-8382-195017154e2e	18924da9-c9d0-46a7-8382-195017154e2e	t	Finished(1-0)	Base+MLP	wL ;bL wL-;wG1 -wL;bQ bL-;wG2 \\wL;	6. TakebackRequest(b);6. TakebackAccept(w);	t	t	5	e57fd0bf-638d-4f56-b93d-35cb81f0a2c1	1625.3932044537628	1374.606795546237	77.13412491561053	-77.13412491561053	2024-07-25 12:54:52.14498+03	2024-07-25 12:55:13.222981+03	Correspondence	\N	172800	2024-07-25 12:55:13.026144+03	0	172800000000000	Correspondence	{}	Timeout	\N	1-0	Moves	{172800000000000,172800000000000,172800000000000,172800000000000,172800000000000}
bf3e8910-ea21-48ad-8820-ce7f756c3bd8	IzFA9OfHi_7n	e57fd0bf-638d-4f56-b93d-35cb81f0a2c1	18924da9-c9d0-46a7-8382-195017154e2e	f	NotStarted	Base+MLP			t	t	0	e57fd0bf-638d-4f56-b93d-35cb81f0a2c1	\N	\N	\N	\N	2024-08-01 11:14:23.39288+03	2024-08-01 11:14:23.392881+03	Real Time	600	10	\N	600000000000	600000000000	Rapid	{}	Unknown	93b6ca6c-ea80-4e59-b67d-0c47993fa8c1	Unknown	Ready	{}
503ccf13-476d-40b9-a895-840fa17bd5e4	t3yTxpNapXfW	18924da9-c9d0-46a7-8382-195017154e2e	e57fd0bf-638d-4f56-b93d-35cb81f0a2c1	t	Finished(0-1)	Base+MLP	wL ;bL wL-;wQ \\wL;bQ bL/;	4. Resign(w);	t	t	4	18924da9-c9d0-46a7-8382-195017154e2e	1470.9800747842974	1549.2359677347845	-12.966832604764022	12.965396360563545	2024-07-25 13:20:02.539217+03	2024-07-25 13:20:50.787897+03	Real Time	60	2	2024-07-25 13:20:10.897667+03	60115483676	19445902643	Bullet	{}	Resigned	\N	0-1	Moves	{60000000000,60000000000,59334891481,60115483676}
bce54381-dc9e-45b9-b48e-ac40e0ec5f4b	2zya-XeRE8c4	18924da9-c9d0-46a7-8382-195017154e2e	e57fd0bf-638d-4f56-b93d-35cb81f0a2c1	t	Finished(0-1)	Base+MLP	wA1 ;bB1 wA1-;		t	t	2	18924da9-c9d0-46a7-8382-195017154e2e	1458.588203268601	1541.411796731399	-45.07749291410801	45.07749291410801	2024-07-25 12:56:34.530097+03	2024-07-27 19:40:19.989213+03	Correspondence	172800	\N	2024-07-25 12:56:57.12702+03	172800000000000	0	Correspondence	{}	Timeout	\N	0-1	Moves	{172800000000000,172800000000000}
479dcfc4-3f2f-418e-8ef2-951e5710e843	Ht7iISzjgenb	e57fd0bf-638d-4f56-b93d-35cb81f0a2c1	18924da9-c9d0-46a7-8382-195017154e2e	t	Finished(0-1)	Base+MLP	wA1 ;bL wA1-;	2. DrawOffer(b);2. DrawReject(w);2. Resign(w);	t	t	2	e57fd0bf-638d-4f56-b93d-35cb81f0a2c1	1434.4857716828183	1565.5142283171815	-49.874144705005165	49.874144705005165	2024-07-25 13:21:04.821995+03	2024-07-25 13:21:14.613426+03	Real Time	600	10	2024-07-25 13:21:09.791567+03	600000000000	595180106248	Rapid	{}	Resigned	\N	0-1	Moves	{600000000000,600000000000}
e61430e7-f1cc-4087-bafc-a099d682b0cb	oEim-yzNUl-u	e57fd0bf-638d-4f56-b93d-35cb81f0a2c1	18924da9-c9d0-46a7-8382-195017154e2e	t	Finished(0-1)	Base+MLP	wL ;bA1 wL-;wS1 -wL;bQ bA1/;wQ /wS1;bL bQ\\;	7. TakebackRequest(w);7. TakebackAccept(b);6. Resign(w);	t	t	6	e57fd0bf-638d-4f56-b93d-35cb81f0a2c1	1562.201364095348	1458.0132421795333	-21.152427704811544	21.154798244984477	2024-07-29 08:56:34.703379+03	2024-07-29 08:57:07.089923+03	Real Time	60	2	2024-07-29 08:57:05.289171+03	50584040963	53568355397	Bullet	{}	Resigned	\N	0-1	Moves	{60000000000,60000000000,58174532534,59510832317,57699402995,50584040963}
b56c964b-4a2d-461e-a1b9-49a8ff9a554b	w0sMfMFus7OZ	e57fd0bf-638d-4f56-b93d-35cb81f0a2c1	e57fd0bf-638d-4f56-b93d-35cb81f0a2c1	t	Finished(1-0)	Base+MLP	wG1 ;bA1 wG1-;wL -wG1;	3. Resign(b);	t	t	3	18924da9-c9d0-46a7-8382-195017154e2e	1568.0623082776006	1431.9376917223992	34.25607156903288	-34.25607156903288	2024-07-25 13:22:08.173163+03	2024-07-27 21:10:16.153881+03	Real Time	600	10	2024-07-27 21:00:29.712423+03	13559717542	605785933206	Rapid	{}	Resigned	\N	1-0	Moves	{600000000000,600000000000,605785933206}
b79e2105-edff-43f9-94bd-7ff2df8d46c4	hDmjH4gWgkW5	18924da9-c9d0-46a7-8382-195017154e2e	e57fd0bf-638d-4f56-b93d-35cb81f0a2c1	t	Finished(1-0)	Base+MLP	wB1 ;bB1 wB1-;	2. Resign(b);	t	t	2	18924da9-c9d0-46a7-8382-195017154e2e	1479.1680404245178	1541.0489363905365	19.217217486829668	-19.215075402503544	2024-07-27 21:10:19.258636+03	2024-07-29 09:55:33.550579+03	Real Time	60	2	2024-07-29 09:55:31.557321+03	60000000000	58008168586	Bullet	{}	Resigned	\N	1-0	Moves	{60000000000,60000000000}
d338e90d-8cbb-4113-af0d-4b667138e263	d2MdPrAtURpn	e57fd0bf-638d-4f56-b93d-35cb81f0a2c1	18924da9-c9d0-46a7-8382-195017154e2e	t	Finished(1-0)	Base+MLP	wB1 ;bM wB1-;	2. Resign(b);	t	t	2	e57fd0bf-638d-4f56-b93d-35cb81f0a2c1	1521.833860988033	1498.3852579113475	15.247125086715869	-15.24880791797932	2024-07-30 08:15:41.013683+03	2024-07-30 08:15:48.880341+03	Real Time	60	2	2024-07-30 08:15:47.473127+03	60000000000	58594833306	Bullet	{}	Resigned	\N	1-0	Moves	{60000000000,60000000000}
86577b47-87d4-463b-b553-dc4bd1081ec1	BgX_JP_HY-xm	18924da9-c9d0-46a7-8382-195017154e2e	e57fd0bf-638d-4f56-b93d-35cb81f0a2c1	f	NotStarted	Base+MLP			t	t	0	18924da9-c9d0-46a7-8382-195017154e2e	\N	\N	\N	\N	2024-08-01 11:02:02.280269+03	2024-08-01 11:02:02.280271+03	Real Time	600	10	\N	600000000000	600000000000	Rapid	{}	Unknown	108f9160-8c66-4693-9734-61fb195ca520	Unknown	Ready	{}
98aaa54e-8345-48d6-ac5b-b1177600b82c	bPle91EO4hQU	e57fd0bf-638d-4f56-b93d-35cb81f0a2c1	18924da9-c9d0-46a7-8382-195017154e2e	f	NotStarted	Base+MLP			t	t	0	e57fd0bf-638d-4f56-b93d-35cb81f0a2c1	\N	\N	\N	\N	2024-08-01 11:02:02.291359+03	2024-08-01 11:02:02.291361+03	Real Time	600	10	\N	600000000000	600000000000	Rapid	{}	Unknown	108f9160-8c66-4693-9734-61fb195ca520	Unknown	Ready	{}
9785fa92-cb9b-44e0-96bf-bd1381f843ca	V3jmrGAlC3P7	18924da9-c9d0-46a7-8382-195017154e2e	e57fd0bf-638d-4f56-b93d-35cb81f0a2c1	f	NotStarted	Base+MLP			t	t	0	18924da9-c9d0-46a7-8382-195017154e2e	\N	\N	\N	\N	2024-08-01 11:12:38.048577+03	2024-08-01 11:12:38.048578+03	Real Time	600	10	\N	600000000000	600000000000	Rapid	{}	Unknown	abb42287-2d16-47e5-9953-67ee273ea05a	Unknown	Ready	{}
7c98ce36-d4ff-4c3a-992d-3319acc14b3c	KCJLOdJPH97k	e57fd0bf-638d-4f56-b93d-35cb81f0a2c1	18924da9-c9d0-46a7-8382-195017154e2e	f	NotStarted	Base+MLP			t	t	0	e57fd0bf-638d-4f56-b93d-35cb81f0a2c1	\N	\N	\N	\N	2024-08-01 11:12:38.051208+03	2024-08-01 11:12:38.051209+03	Real Time	600	10	\N	600000000000	600000000000	Rapid	{}	Unknown	abb42287-2d16-47e5-9953-67ee273ea05a	Unknown	Ready	{}
5aed0e47-db38-4697-b7b5-5c1d8511057d	SCK2ioTfj730	18924da9-c9d0-46a7-8382-195017154e2e	e57fd0bf-638d-4f56-b93d-35cb81f0a2c1	f	NotStarted	Base+MLP			t	t	0	18924da9-c9d0-46a7-8382-195017154e2e	\N	\N	\N	\N	2024-08-01 11:14:23.390189+03	2024-08-01 11:14:23.390191+03	Real Time	600	10	\N	600000000000	600000000000	Rapid	{}	Unknown	93b6ca6c-ea80-4e59-b67d-0c47993fa8c1	Unknown	Ready	{}
6cd51cd2-77b8-4b5d-8cbb-3c11218954b0	6J1TDwiIeD_V	e57fd0bf-638d-4f56-b93d-35cb81f0a2c1	18924da9-c9d0-46a7-8382-195017154e2e	f	NotStarted	Base+MLP			t	t	0	e57fd0bf-638d-4f56-b93d-35cb81f0a2c1	\N	\N	\N	\N	2024-08-02 10:09:57.096476+03	2024-08-02 10:09:57.096477+03	Real Time	600	10	\N	600000000000	600000000000	Rapid	{}	Unknown	e26b197d-6442-4abc-9d87-fb16695163c9	Unknown	Ready	{}
0665ed81-42e4-4774-b451-929d61614fab	K07kvdZY26Hn	e57fd0bf-638d-4f56-b93d-35cb81f0a2c1	9061036f-51b1-4bc5-b634-79d67e58c80d	t	Finished(½-½)	Base+MLP	wL ;bA1 wL-;	2. DrawOffer(b);2. DrawAccept(w);	t	t	2	e57fd0bf-638d-4f56-b93d-35cb81f0a2c1	1432.759967155586	1298.423225580785	-8.814703542223242	53.50324667241739	2024-08-02 21:25:32.521863+03	2024-08-02 21:26:10.721185+03	Real Time	600	10	2024-08-02 21:26:08.349414+03	608326465556	604000461661	Rapid	{}	Draw	1ec37ca9-09c2-4bfe-8fbc-22638e9386a2	½-½	Ready	{606371171036,608326465556}
d3dc529e-589a-4372-aaa9-384bc1f3da7a	SvoL2e8Y2g2h	18924da9-c9d0-46a7-8382-195017154e2e	e57fd0bf-638d-4f56-b93d-35cb81f0a2c1	t	Finished(1-0)	Base+MLP	wA1 ;bL wA1-;	2. Resign(b);	t	t	2	18924da9-c9d0-46a7-8382-195017154e2e	1530.7660820332592	1469.2339179667406	36.47395081115451	-36.47395081115451	2024-08-02 10:09:57.093613+03	2024-08-02 15:41:33.714566+03	Real Time	600	10	2024-08-02 15:41:31.832849+03	604356709936	606392966742	Rapid	{}	Resigned	e26b197d-6442-4abc-9d87-fb16695163c9	1-0	Ready	{608272525986,604356709936}
c2ae4a28-4b8b-4230-bca8-14674c669969	VBxNl8DAfTMk	9061036f-51b1-4bc5-b634-79d67e58c80d	e57fd0bf-638d-4f56-b93d-35cb81f0a2c1	f	NotStarted	Base+MLP			t	t	0	9061036f-51b1-4bc5-b634-79d67e58c80d	\N	\N	\N	\N	2024-08-02 21:25:32.522923+03	2024-08-02 21:25:32.522924+03	Real Time	600	10	\N	600000000000	600000000000	Rapid	{}	Unknown	1ec37ca9-09c2-4bfe-8fbc-22638e9386a2	Unknown	Ready	{}
5fbac54c-623f-4a9d-9907-ec8a574ff6a2	fhi0XQFi864m	e57fd0bf-638d-4f56-b93d-35cb81f0a2c1	8190b6c5-f2c5-4fa9-aca4-02fd89489f59	f	NotStarted	Base+MLP			t	t	0	e57fd0bf-638d-4f56-b93d-35cb81f0a2c1	\N	\N	\N	\N	2024-08-02 21:25:32.523826+03	2024-08-02 21:25:32.523827+03	Real Time	600	10	\N	600000000000	600000000000	Rapid	{}	Unknown	1ec37ca9-09c2-4bfe-8fbc-22638e9386a2	Unknown	Ready	{}
a627a16c-a1ad-4fe4-a95c-ef543a5c388a	_4DWwHmgCeDj	8190b6c5-f2c5-4fa9-aca4-02fd89489f59	e57fd0bf-638d-4f56-b93d-35cb81f0a2c1	f	NotStarted	Base+MLP			t	t	0	8190b6c5-f2c5-4fa9-aca4-02fd89489f59	\N	\N	\N	\N	2024-08-02 21:25:32.524789+03	2024-08-02 21:25:32.52479+03	Real Time	600	10	\N	600000000000	600000000000	Rapid	{}	Unknown	1ec37ca9-09c2-4bfe-8fbc-22638e9386a2	Unknown	Ready	{}
a9aa5bd2-7c3f-4f9d-b49d-cc811978c2ef	223lynG2Cj6n	9061036f-51b1-4bc5-b634-79d67e58c80d	8190b6c5-f2c5-4fa9-aca4-02fd89489f59	f	NotStarted	Base+MLP			t	t	0	9061036f-51b1-4bc5-b634-79d67e58c80d	\N	\N	\N	\N	2024-08-02 21:25:32.525724+03	2024-08-02 21:25:32.525725+03	Real Time	600	10	\N	600000000000	600000000000	Rapid	{}	Unknown	1ec37ca9-09c2-4bfe-8fbc-22638e9386a2	Unknown	Ready	{}
82b8d24e-6eeb-428c-9636-5bc14cda49c6	lJWJ7XUHXe8I	8190b6c5-f2c5-4fa9-aca4-02fd89489f59	9061036f-51b1-4bc5-b634-79d67e58c80d	f	NotStarted	Base+MLP			t	t	0	8190b6c5-f2c5-4fa9-aca4-02fd89489f59	\N	\N	\N	\N	2024-08-02 21:25:32.526803+03	2024-08-02 21:25:32.526803+03	Real Time	600	10	\N	600000000000	600000000000	Rapid	{}	Unknown	1ec37ca9-09c2-4bfe-8fbc-22638e9386a2	Unknown	Ready	{}
f6ea0f06-1e2e-444d-8bb1-3abd67c916ab	is7eamRLpwTc	18924da9-c9d0-46a7-8382-195017154e2e	8190b6c5-f2c5-4fa9-aca4-02fd89489f59	t	Finished(½-½)	Base+MLP	wA1 ;bA1 wA1-;	2. DrawOffer(b);2. DrawAccept(w);	t	t	2	18924da9-c9d0-46a7-8382-195017154e2e	1572.0435984904134	1500	-2.538217180875108	46.802530957139425	2024-08-02 21:25:32.510811+03	2024-08-02 21:33:06.686498+03	Real Time	600	10	2024-08-02 21:33:02.92752+03	607418452895	604011744758	Rapid	{}	Draw	1ec37ca9-09c2-4bfe-8fbc-22638e9386a2	½-½	Ready	{607769311464,607418452895}
1ff36594-e3f7-4cc7-952c-9a76e120a3e2	TkFbmQT07W4A	18924da9-c9d0-46a7-8382-195017154e2e	9061036f-51b1-4bc5-b634-79d67e58c80d	t	Finished(1-0)	Base+MLP	wL ;bA1 wL-;	2. Resign(b);	t	t	2	18924da9-c9d0-46a7-8382-195017154e2e	1567.2400328444137	1500	22.113388708459752	-201.5767744192151	2024-08-02 21:25:32.507389+03	2024-08-02 21:25:52.952219+03	Real Time	600	10	2024-08-02 21:25:51.541871+03	608481779225	604443200518	Rapid	{}	Resigned	1ec37ca9-09c2-4bfe-8fbc-22638e9386a2	1-0	Ready	{605852430010,608481779225}
1a61d9a6-53e3-4cc1-afe2-7765e7a10c45	Cytc_b2iP4SY	9061036f-51b1-4bc5-b634-79d67e58c80d	18924da9-c9d0-46a7-8382-195017154e2e	t	Finished(½-½)	Base+MLP	wA1 ;bS1 wA1-;	2. DrawOffer(b);2. DrawAccept(w);	t	t	2	9061036f-51b1-4bc5-b634-79d67e58c80d	1351.9264722532023	1589.3534215528734	68.26839524010074	-17.309823062460055	2024-08-02 21:25:32.508755+03	2024-08-02 21:26:28.126226+03	Real Time	600	10	2024-08-02 21:26:25.907891+03	608470177999	605145960962	Rapid	{}	Draw	1ec37ca9-09c2-4bfe-8fbc-22638e9386a2	½-½	Ready	{607362378686,608470177999}
55804f3f-86b2-4585-89e7-d9d302001706	PFd-YZLfC5-y	18924da9-c9d0-46a7-8382-195017154e2e	e57fd0bf-638d-4f56-b93d-35cb81f0a2c1	t	Finished(1-0)	Base+MLP	wA1 ;bB1 wA1-;	2. DrawOffer(b);2. Resign(b);	t	t	2	18924da9-c9d0-46a7-8382-195017154e2e	1569.5053813095383	1423.9452636133628	23.483584474082818	-24.37747365034238	2024-08-02 21:25:32.503645+03	2024-08-02 21:37:08.305991+03	Real Time	600	10	2024-08-02 21:32:31.447995+03	605269602309	330980113234	Rapid	{}	Resigned	1ec37ca9-09c2-4bfe-8fbc-22638e9386a2	1-0	Ready	{607835929429,605269602309}
9283d6ee-2bb9-4205-8260-27aa6a88125d	eCrDrrk_KuA8	8190b6c5-f2c5-4fa9-aca4-02fd89489f59	18924da9-c9d0-46a7-8382-195017154e2e	t	Finished(1-0)	Base+MLP	wL ;bP wL-;	2. Resign(b);	t	t	2	8190b6c5-f2c5-4fa9-aca4-02fd89489f59	1546.8025309571394	1540.7141028363253	146.19185368752596	-25.96156026410199	2024-08-02 21:25:32.520687+03	2024-08-02 21:38:39.549907+03	Real Time	600	10	2024-08-02 21:38:38.414681+03	606212844363	603234980419	Rapid	{}	Resigned	1ec37ca9-09c2-4bfe-8fbc-22638e9386a2	1-0	Ready	{604369106960,606212844363}
fcd776db-3ad5-42ed-ad3d-75e59c74d44d	YNCWyJAt8a7h	1a4fd06c-0d66-4128-b4df-83e23697561c	1a4fd06c-0d66-4128-b4df-83e23697561c	f	NotStarted	Base+MLP	wA1 ;		t	t	1	18924da9-c9d0-46a7-8382-195017154e2e	\N	\N	\N	\N	2024-08-22 14:04:36.796214+03	2024-08-22 14:04:58.766309+03	Real Time	600	10	2024-08-22 14:04:58.766313+03	600000000000	600000000000	Rapid	{}	Unknown	\N	Unknown	Moves	{600000000000}
38f6309d-54a1-4055-bfe5-9931a898f345	JQZ4B8hZA2Qg	e57fd0bf-638d-4f56-b93d-35cb81f0a2c1	18924da9-c9d0-46a7-8382-195017154e2e	t	Finished(1-0)	Base+MLP	wS1 ;bA1 wS1-;	2. Resign(b);	t	t	2	e57fd0bf-638d-4f56-b93d-35cb81f0a2c1	1399.5677899630205	1592.988965783621	54.16128944031834	-52.27486294729579	2024-08-02 21:25:32.505771+03	2024-08-02 21:37:16.989107+03	Real Time	600	10	2024-08-02 21:37:16.108816+03	608348355252	606599704969	Rapid	{}	Resigned	1ec37ca9-09c2-4bfe-8fbc-22638e9386a2	1-0	Ready	{607478246436,608348355252}
\.


--
-- Data for Name: games_users; Type: TABLE DATA; Schema: public; Owner: hive-dev
--

COPY public.games_users (game_id, user_id) FROM stdin;
88a93399-766c-405b-b4f5-3f308d10d2cf	e57fd0bf-638d-4f56-b93d-35cb81f0a2c1
88a93399-766c-405b-b4f5-3f308d10d2cf	18924da9-c9d0-46a7-8382-195017154e2e
b867ff99-24d2-4aa8-84c3-db9fc65f2fb6	18924da9-c9d0-46a7-8382-195017154e2e
b867ff99-24d2-4aa8-84c3-db9fc65f2fb6	e57fd0bf-638d-4f56-b93d-35cb81f0a2c1
9f6ebfc8-f2a2-451c-9598-2685e2e8ca8e	e57fd0bf-638d-4f56-b93d-35cb81f0a2c1
9f6ebfc8-f2a2-451c-9598-2685e2e8ca8e	18924da9-c9d0-46a7-8382-195017154e2e
937bde1b-bbc5-4626-b545-6102445d0435	18924da9-c9d0-46a7-8382-195017154e2e
937bde1b-bbc5-4626-b545-6102445d0435	e57fd0bf-638d-4f56-b93d-35cb81f0a2c1
eb27dcdf-5d9c-470f-8b9a-7ed6cbb12471	e57fd0bf-638d-4f56-b93d-35cb81f0a2c1
eb27dcdf-5d9c-470f-8b9a-7ed6cbb12471	18924da9-c9d0-46a7-8382-195017154e2e
5bbc01e0-b294-4c25-8102-4bfec740ded5	18924da9-c9d0-46a7-8382-195017154e2e
5bbc01e0-b294-4c25-8102-4bfec740ded5	e57fd0bf-638d-4f56-b93d-35cb81f0a2c1
7697599e-8091-4ac6-9fe3-b62017658126	e57fd0bf-638d-4f56-b93d-35cb81f0a2c1
7697599e-8091-4ac6-9fe3-b62017658126	18924da9-c9d0-46a7-8382-195017154e2e
39aba6fb-fb1c-42af-8279-238fa8bf853c	18924da9-c9d0-46a7-8382-195017154e2e
39aba6fb-fb1c-42af-8279-238fa8bf853c	e57fd0bf-638d-4f56-b93d-35cb81f0a2c1
ecc4ccff-9795-4516-887b-eb668a7d4638	e57fd0bf-638d-4f56-b93d-35cb81f0a2c1
ecc4ccff-9795-4516-887b-eb668a7d4638	18924da9-c9d0-46a7-8382-195017154e2e
288a78c4-a4db-426e-9168-44ce8d2eab63	e57fd0bf-638d-4f56-b93d-35cb81f0a2c1
288a78c4-a4db-426e-9168-44ce8d2eab63	18924da9-c9d0-46a7-8382-195017154e2e
af116ae1-fb54-48bb-bf79-e783a31c66f7	18924da9-c9d0-46a7-8382-195017154e2e
af116ae1-fb54-48bb-bf79-e783a31c66f7	e57fd0bf-638d-4f56-b93d-35cb81f0a2c1
df5f519a-c5b2-4213-b179-6aa72a5365a5	18924da9-c9d0-46a7-8382-195017154e2e
df5f519a-c5b2-4213-b179-6aa72a5365a5	e57fd0bf-638d-4f56-b93d-35cb81f0a2c1
289ceb49-21fa-4716-a832-f4c7bf0accfb	e57fd0bf-638d-4f56-b93d-35cb81f0a2c1
289ceb49-21fa-4716-a832-f4c7bf0accfb	18924da9-c9d0-46a7-8382-195017154e2e
d6f554d7-030f-44b5-a986-5daa0aa78161	e57fd0bf-638d-4f56-b93d-35cb81f0a2c1
d6f554d7-030f-44b5-a986-5daa0aa78161	18924da9-c9d0-46a7-8382-195017154e2e
b14c659d-d258-4fd0-bebc-bd3031ade1e7	18924da9-c9d0-46a7-8382-195017154e2e
b14c659d-d258-4fd0-bebc-bd3031ade1e7	e57fd0bf-638d-4f56-b93d-35cb81f0a2c1
3d678063-34d7-4417-82e1-66b0dd2f4ed1	e57fd0bf-638d-4f56-b93d-35cb81f0a2c1
3d678063-34d7-4417-82e1-66b0dd2f4ed1	18924da9-c9d0-46a7-8382-195017154e2e
1e800b95-52fa-4d72-aa8c-0f56b609548e	18924da9-c9d0-46a7-8382-195017154e2e
1e800b95-52fa-4d72-aa8c-0f56b609548e	e57fd0bf-638d-4f56-b93d-35cb81f0a2c1
3fdd1fe4-4691-4be4-9c09-1a040ca8df62	e57fd0bf-638d-4f56-b93d-35cb81f0a2c1
3fdd1fe4-4691-4be4-9c09-1a040ca8df62	18924da9-c9d0-46a7-8382-195017154e2e
9e154674-5a43-4d19-82b2-f7cf2703b618	18924da9-c9d0-46a7-8382-195017154e2e
9e154674-5a43-4d19-82b2-f7cf2703b618	e57fd0bf-638d-4f56-b93d-35cb81f0a2c1
31b1edca-759b-4fb6-9c80-179ae0cad23c	e57fd0bf-638d-4f56-b93d-35cb81f0a2c1
31b1edca-759b-4fb6-9c80-179ae0cad23c	18924da9-c9d0-46a7-8382-195017154e2e
278533fa-6166-4776-bbf3-a4c4bc7b527b	18924da9-c9d0-46a7-8382-195017154e2e
278533fa-6166-4776-bbf3-a4c4bc7b527b	e57fd0bf-638d-4f56-b93d-35cb81f0a2c1
e22c01fa-1843-4cb1-896b-89a34fcce37b	e57fd0bf-638d-4f56-b93d-35cb81f0a2c1
e22c01fa-1843-4cb1-896b-89a34fcce37b	18924da9-c9d0-46a7-8382-195017154e2e
53c74b48-2a30-4a10-b835-91df6ec9f160	18924da9-c9d0-46a7-8382-195017154e2e
53c74b48-2a30-4a10-b835-91df6ec9f160	e57fd0bf-638d-4f56-b93d-35cb81f0a2c1
2cf0ea4a-2ea2-4ccf-a2a9-bf8a94b8ed28	e57fd0bf-638d-4f56-b93d-35cb81f0a2c1
2cf0ea4a-2ea2-4ccf-a2a9-bf8a94b8ed28	18924da9-c9d0-46a7-8382-195017154e2e
f5de9196-5003-4df7-9ebf-5fdea17f5afa	18924da9-c9d0-46a7-8382-195017154e2e
f5de9196-5003-4df7-9ebf-5fdea17f5afa	e57fd0bf-638d-4f56-b93d-35cb81f0a2c1
a3794e3f-7ef8-4030-9f5a-f256bd9926af	e57fd0bf-638d-4f56-b93d-35cb81f0a2c1
a3794e3f-7ef8-4030-9f5a-f256bd9926af	18924da9-c9d0-46a7-8382-195017154e2e
ab001c8c-611d-47f6-ac0b-1229bf7347fa	18924da9-c9d0-46a7-8382-195017154e2e
ab001c8c-611d-47f6-ac0b-1229bf7347fa	e57fd0bf-638d-4f56-b93d-35cb81f0a2c1
f6b6d08c-7e4b-423f-9093-2bf728203b06	e57fd0bf-638d-4f56-b93d-35cb81f0a2c1
f6b6d08c-7e4b-423f-9093-2bf728203b06	18924da9-c9d0-46a7-8382-195017154e2e
233b2e02-3e0d-4e0f-b80b-f5cba79af18d	18924da9-c9d0-46a7-8382-195017154e2e
233b2e02-3e0d-4e0f-b80b-f5cba79af18d	e57fd0bf-638d-4f56-b93d-35cb81f0a2c1
871a9518-1c4f-4846-8bdb-0e510afa154c	e57fd0bf-638d-4f56-b93d-35cb81f0a2c1
871a9518-1c4f-4846-8bdb-0e510afa154c	18924da9-c9d0-46a7-8382-195017154e2e
cb5f0d61-92cf-43db-9ca4-c59dc64c06d8	18924da9-c9d0-46a7-8382-195017154e2e
cb5f0d61-92cf-43db-9ca4-c59dc64c06d8	e57fd0bf-638d-4f56-b93d-35cb81f0a2c1
793c2a4e-982a-42fb-922f-1c611d0d5f95	e57fd0bf-638d-4f56-b93d-35cb81f0a2c1
793c2a4e-982a-42fb-922f-1c611d0d5f95	18924da9-c9d0-46a7-8382-195017154e2e
dc0813b6-ad67-4e00-856b-02c6133af873	18924da9-c9d0-46a7-8382-195017154e2e
dc0813b6-ad67-4e00-856b-02c6133af873	e57fd0bf-638d-4f56-b93d-35cb81f0a2c1
ca68d59d-5602-4f98-ad2f-3309d28d924f	e57fd0bf-638d-4f56-b93d-35cb81f0a2c1
ca68d59d-5602-4f98-ad2f-3309d28d924f	18924da9-c9d0-46a7-8382-195017154e2e
20c96e06-56c0-4d84-9af5-c47579acb486	18924da9-c9d0-46a7-8382-195017154e2e
20c96e06-56c0-4d84-9af5-c47579acb486	e57fd0bf-638d-4f56-b93d-35cb81f0a2c1
9f6e7a81-86c8-4779-b1d3-bf02486e04a5	e57fd0bf-638d-4f56-b93d-35cb81f0a2c1
9f6e7a81-86c8-4779-b1d3-bf02486e04a5	18924da9-c9d0-46a7-8382-195017154e2e
cb2cb6ad-ceeb-42ba-a352-578f0d81e976	e57fd0bf-638d-4f56-b93d-35cb81f0a2c1
cb2cb6ad-ceeb-42ba-a352-578f0d81e976	18924da9-c9d0-46a7-8382-195017154e2e
050af011-b300-43e7-bfe4-552ecbe99b83	18924da9-c9d0-46a7-8382-195017154e2e
050af011-b300-43e7-bfe4-552ecbe99b83	e57fd0bf-638d-4f56-b93d-35cb81f0a2c1
12a4cace-6c5b-4db0-a810-a60b35625a59	e57fd0bf-638d-4f56-b93d-35cb81f0a2c1
12a4cace-6c5b-4db0-a810-a60b35625a59	18924da9-c9d0-46a7-8382-195017154e2e
3367836f-3401-4fa7-b1fb-b3ef2df434c0	18924da9-c9d0-46a7-8382-195017154e2e
3367836f-3401-4fa7-b1fb-b3ef2df434c0	e57fd0bf-638d-4f56-b93d-35cb81f0a2c1
d3b404d7-9d54-4afd-89c1-8f7a2d9e91d9	e57fd0bf-638d-4f56-b93d-35cb81f0a2c1
d3b404d7-9d54-4afd-89c1-8f7a2d9e91d9	18924da9-c9d0-46a7-8382-195017154e2e
c20682da-bba7-450a-bb0d-1ab2d701bfa7	18924da9-c9d0-46a7-8382-195017154e2e
c20682da-bba7-450a-bb0d-1ab2d701bfa7	e57fd0bf-638d-4f56-b93d-35cb81f0a2c1
45e03c8d-4eee-4961-aea7-42e0f0b648d2	e57fd0bf-638d-4f56-b93d-35cb81f0a2c1
45e03c8d-4eee-4961-aea7-42e0f0b648d2	18924da9-c9d0-46a7-8382-195017154e2e
7aafb54a-edb8-486f-bdd4-f43cda8fa783	18924da9-c9d0-46a7-8382-195017154e2e
7aafb54a-edb8-486f-bdd4-f43cda8fa783	e57fd0bf-638d-4f56-b93d-35cb81f0a2c1
4ecfce43-80b3-47a2-9814-91e7553b7fec	18924da9-c9d0-46a7-8382-195017154e2e
4ecfce43-80b3-47a2-9814-91e7553b7fec	e57fd0bf-638d-4f56-b93d-35cb81f0a2c1
219300a8-280d-4947-8fb3-f94e642529af	18924da9-c9d0-46a7-8382-195017154e2e
219300a8-280d-4947-8fb3-f94e642529af	e57fd0bf-638d-4f56-b93d-35cb81f0a2c1
3c179cb0-eb65-467a-a151-72de36836a70	18924da9-c9d0-46a7-8382-195017154e2e
3c179cb0-eb65-467a-a151-72de36836a70	e57fd0bf-638d-4f56-b93d-35cb81f0a2c1
cb48ae80-0352-49e7-b9b2-5d5072df2dd0	e57fd0bf-638d-4f56-b93d-35cb81f0a2c1
cb48ae80-0352-49e7-b9b2-5d5072df2dd0	18924da9-c9d0-46a7-8382-195017154e2e
0ef02da5-38c4-4d5d-a147-272f673d737b	e57fd0bf-638d-4f56-b93d-35cb81f0a2c1
0ef02da5-38c4-4d5d-a147-272f673d737b	18924da9-c9d0-46a7-8382-195017154e2e
38f3cdb7-d241-4092-927f-52d376101d4a	18924da9-c9d0-46a7-8382-195017154e2e
38f3cdb7-d241-4092-927f-52d376101d4a	e57fd0bf-638d-4f56-b93d-35cb81f0a2c1
af2688e6-679e-4205-b61f-f5067b770041	18924da9-c9d0-46a7-8382-195017154e2e
af2688e6-679e-4205-b61f-f5067b770041	e57fd0bf-638d-4f56-b93d-35cb81f0a2c1
bc69ffad-0fb3-45a0-aee2-6731e01129ce	e57fd0bf-638d-4f56-b93d-35cb81f0a2c1
bc69ffad-0fb3-45a0-aee2-6731e01129ce	18924da9-c9d0-46a7-8382-195017154e2e
c28bc0ae-90ca-4ecf-afe8-7e01bfd71a53	e57fd0bf-638d-4f56-b93d-35cb81f0a2c1
c28bc0ae-90ca-4ecf-afe8-7e01bfd71a53	18924da9-c9d0-46a7-8382-195017154e2e
5615d8b6-475f-441b-b5e1-f4c2f31fb000	18924da9-c9d0-46a7-8382-195017154e2e
5615d8b6-475f-441b-b5e1-f4c2f31fb000	e57fd0bf-638d-4f56-b93d-35cb81f0a2c1
ba3eda5b-0d36-462d-b4cf-1a585ffe750a	e57fd0bf-638d-4f56-b93d-35cb81f0a2c1
ba3eda5b-0d36-462d-b4cf-1a585ffe750a	18924da9-c9d0-46a7-8382-195017154e2e
a6053e88-55ef-496a-8282-03786cd0a519	18924da9-c9d0-46a7-8382-195017154e2e
a6053e88-55ef-496a-8282-03786cd0a519	e57fd0bf-638d-4f56-b93d-35cb81f0a2c1
8c401682-74d7-4310-b7ae-6e4d04aae7a9	e57fd0bf-638d-4f56-b93d-35cb81f0a2c1
8c401682-74d7-4310-b7ae-6e4d04aae7a9	18924da9-c9d0-46a7-8382-195017154e2e
b07695a4-51e2-4fec-b0eb-1ccc3b74dbe6	18924da9-c9d0-46a7-8382-195017154e2e
b07695a4-51e2-4fec-b0eb-1ccc3b74dbe6	e57fd0bf-638d-4f56-b93d-35cb81f0a2c1
73a6e807-9072-4781-b675-e7e3952f44b5	e57fd0bf-638d-4f56-b93d-35cb81f0a2c1
73a6e807-9072-4781-b675-e7e3952f44b5	18924da9-c9d0-46a7-8382-195017154e2e
e181ea22-7c30-433d-b5e3-17c9e8f17605	e57fd0bf-638d-4f56-b93d-35cb81f0a2c1
e181ea22-7c30-433d-b5e3-17c9e8f17605	18924da9-c9d0-46a7-8382-195017154e2e
d72ae3fd-4906-4397-a04c-a1ccf86ce3dd	e57fd0bf-638d-4f56-b93d-35cb81f0a2c1
d72ae3fd-4906-4397-a04c-a1ccf86ce3dd	18924da9-c9d0-46a7-8382-195017154e2e
2e96591c-c9c5-401f-82e7-5638671255f6	e57fd0bf-638d-4f56-b93d-35cb81f0a2c1
2e96591c-c9c5-401f-82e7-5638671255f6	18924da9-c9d0-46a7-8382-195017154e2e
5ae41918-cb7e-4950-906b-067d9dac6c94	18924da9-c9d0-46a7-8382-195017154e2e
5ae41918-cb7e-4950-906b-067d9dac6c94	e57fd0bf-638d-4f56-b93d-35cb81f0a2c1
6b12e107-0051-403d-bff6-13fb9a83a641	18924da9-c9d0-46a7-8382-195017154e2e
6b12e107-0051-403d-bff6-13fb9a83a641	e57fd0bf-638d-4f56-b93d-35cb81f0a2c1
a0db0186-0271-49cf-8260-12c5f3824a2e	e57fd0bf-638d-4f56-b93d-35cb81f0a2c1
a0db0186-0271-49cf-8260-12c5f3824a2e	18924da9-c9d0-46a7-8382-195017154e2e
c8c177db-b5ea-490c-81c9-30617819032d	18924da9-c9d0-46a7-8382-195017154e2e
c8c177db-b5ea-490c-81c9-30617819032d	e57fd0bf-638d-4f56-b93d-35cb81f0a2c1
0bb05c74-deb0-4ee9-beaf-dce05d0d8f75	e57fd0bf-638d-4f56-b93d-35cb81f0a2c1
0bb05c74-deb0-4ee9-beaf-dce05d0d8f75	18924da9-c9d0-46a7-8382-195017154e2e
152ccfe8-12c9-4ed7-a351-b5ea5b67892c	e57fd0bf-638d-4f56-b93d-35cb81f0a2c1
152ccfe8-12c9-4ed7-a351-b5ea5b67892c	18924da9-c9d0-46a7-8382-195017154e2e
1848bff2-7af7-4c87-8fa1-0552f7a56ed3	e57fd0bf-638d-4f56-b93d-35cb81f0a2c1
1848bff2-7af7-4c87-8fa1-0552f7a56ed3	18924da9-c9d0-46a7-8382-195017154e2e
95701b73-66c0-4b43-a85f-76afada971c0	18924da9-c9d0-46a7-8382-195017154e2e
95701b73-66c0-4b43-a85f-76afada971c0	e57fd0bf-638d-4f56-b93d-35cb81f0a2c1
ded6cfa2-fdaf-4c31-8b66-0677a2be3c22	e57fd0bf-638d-4f56-b93d-35cb81f0a2c1
ded6cfa2-fdaf-4c31-8b66-0677a2be3c22	18924da9-c9d0-46a7-8382-195017154e2e
9ff526fc-461d-4255-9b09-4924c0463d1f	18924da9-c9d0-46a7-8382-195017154e2e
9ff526fc-461d-4255-9b09-4924c0463d1f	e57fd0bf-638d-4f56-b93d-35cb81f0a2c1
86946d06-8bff-481a-b57b-8aab78dd24cf	e57fd0bf-638d-4f56-b93d-35cb81f0a2c1
86946d06-8bff-481a-b57b-8aab78dd24cf	18924da9-c9d0-46a7-8382-195017154e2e
0c584450-7729-45df-b10f-8d7418ddb64e	18924da9-c9d0-46a7-8382-195017154e2e
0c584450-7729-45df-b10f-8d7418ddb64e	e57fd0bf-638d-4f56-b93d-35cb81f0a2c1
c1765b46-7513-4acd-8e79-45ff6fb484fd	e57fd0bf-638d-4f56-b93d-35cb81f0a2c1
c1765b46-7513-4acd-8e79-45ff6fb484fd	18924da9-c9d0-46a7-8382-195017154e2e
bc42d218-c005-4514-966d-b96bb60ec92f	18924da9-c9d0-46a7-8382-195017154e2e
bc42d218-c005-4514-966d-b96bb60ec92f	e57fd0bf-638d-4f56-b93d-35cb81f0a2c1
f77d7630-f1e4-480d-a1b3-234f22de9ae3	e57fd0bf-638d-4f56-b93d-35cb81f0a2c1
f77d7630-f1e4-480d-a1b3-234f22de9ae3	18924da9-c9d0-46a7-8382-195017154e2e
6b8db993-142c-4b34-b7f0-69c24893e235	18924da9-c9d0-46a7-8382-195017154e2e
6b8db993-142c-4b34-b7f0-69c24893e235	e57fd0bf-638d-4f56-b93d-35cb81f0a2c1
32873168-7d87-4e3b-a1ad-dfb481d98e0a	e57fd0bf-638d-4f56-b93d-35cb81f0a2c1
32873168-7d87-4e3b-a1ad-dfb481d98e0a	18924da9-c9d0-46a7-8382-195017154e2e
daa54129-b469-484b-ab73-e204dcbf6b8d	18924da9-c9d0-46a7-8382-195017154e2e
daa54129-b469-484b-ab73-e204dcbf6b8d	e57fd0bf-638d-4f56-b93d-35cb81f0a2c1
fa952bf5-81a4-4f52-aaca-8ac958bb47eb	e57fd0bf-638d-4f56-b93d-35cb81f0a2c1
fa952bf5-81a4-4f52-aaca-8ac958bb47eb	18924da9-c9d0-46a7-8382-195017154e2e
ade12a95-b1f1-4bbb-957d-3279a1b83e6e	18924da9-c9d0-46a7-8382-195017154e2e
ade12a95-b1f1-4bbb-957d-3279a1b83e6e	e57fd0bf-638d-4f56-b93d-35cb81f0a2c1
86a87f2f-f4a4-46ba-88c6-956c92ffa407	e57fd0bf-638d-4f56-b93d-35cb81f0a2c1
86a87f2f-f4a4-46ba-88c6-956c92ffa407	18924da9-c9d0-46a7-8382-195017154e2e
38daec78-f1a9-460d-baad-ca27839bfc6e	e57fd0bf-638d-4f56-b93d-35cb81f0a2c1
38daec78-f1a9-460d-baad-ca27839bfc6e	18924da9-c9d0-46a7-8382-195017154e2e
92b538f5-36e2-491c-afc7-bb58821d0c47	18924da9-c9d0-46a7-8382-195017154e2e
92b538f5-36e2-491c-afc7-bb58821d0c47	e57fd0bf-638d-4f56-b93d-35cb81f0a2c1
25f3816c-f29a-4578-9316-27a8918a781b	e57fd0bf-638d-4f56-b93d-35cb81f0a2c1
25f3816c-f29a-4578-9316-27a8918a781b	18924da9-c9d0-46a7-8382-195017154e2e
6b637e77-64b4-45ac-a681-67e699a2c88f	18924da9-c9d0-46a7-8382-195017154e2e
6b637e77-64b4-45ac-a681-67e699a2c88f	e57fd0bf-638d-4f56-b93d-35cb81f0a2c1
2202f599-489d-477e-9243-2482429198dd	e57fd0bf-638d-4f56-b93d-35cb81f0a2c1
2202f599-489d-477e-9243-2482429198dd	18924da9-c9d0-46a7-8382-195017154e2e
6b57bf6b-2fa3-4b29-85ff-46b43e1a0c9f	e57fd0bf-638d-4f56-b93d-35cb81f0a2c1
6b57bf6b-2fa3-4b29-85ff-46b43e1a0c9f	18924da9-c9d0-46a7-8382-195017154e2e
788236c7-829c-4b6c-987b-f83d9d0429f3	18924da9-c9d0-46a7-8382-195017154e2e
788236c7-829c-4b6c-987b-f83d9d0429f3	e57fd0bf-638d-4f56-b93d-35cb81f0a2c1
9172e359-c09e-462e-9ca4-825f925ab74c	e57fd0bf-638d-4f56-b93d-35cb81f0a2c1
9172e359-c09e-462e-9ca4-825f925ab74c	18924da9-c9d0-46a7-8382-195017154e2e
f594c14d-ae96-48a8-bd48-ab7934cbbd5c	e57fd0bf-638d-4f56-b93d-35cb81f0a2c1
f594c14d-ae96-48a8-bd48-ab7934cbbd5c	18924da9-c9d0-46a7-8382-195017154e2e
b37edb12-053d-432f-b5f7-af80b7045b66	e57fd0bf-638d-4f56-b93d-35cb81f0a2c1
b37edb12-053d-432f-b5f7-af80b7045b66	18924da9-c9d0-46a7-8382-195017154e2e
bce54381-dc9e-45b9-b48e-ac40e0ec5f4b	18924da9-c9d0-46a7-8382-195017154e2e
bce54381-dc9e-45b9-b48e-ac40e0ec5f4b	e57fd0bf-638d-4f56-b93d-35cb81f0a2c1
503ccf13-476d-40b9-a895-840fa17bd5e4	18924da9-c9d0-46a7-8382-195017154e2e
503ccf13-476d-40b9-a895-840fa17bd5e4	e57fd0bf-638d-4f56-b93d-35cb81f0a2c1
479dcfc4-3f2f-418e-8ef2-951e5710e843	e57fd0bf-638d-4f56-b93d-35cb81f0a2c1
479dcfc4-3f2f-418e-8ef2-951e5710e843	18924da9-c9d0-46a7-8382-195017154e2e
b79e2105-edff-43f9-94bd-7ff2df8d46c4	18924da9-c9d0-46a7-8382-195017154e2e
b79e2105-edff-43f9-94bd-7ff2df8d46c4	e57fd0bf-638d-4f56-b93d-35cb81f0a2c1
b56c964b-4a2d-461e-a1b9-49a8ff9a554b	18924da9-c9d0-46a7-8382-195017154e2e
b56c964b-4a2d-461e-a1b9-49a8ff9a554b	e57fd0bf-638d-4f56-b93d-35cb81f0a2c1
e61430e7-f1cc-4087-bafc-a099d682b0cb	e57fd0bf-638d-4f56-b93d-35cb81f0a2c1
e61430e7-f1cc-4087-bafc-a099d682b0cb	18924da9-c9d0-46a7-8382-195017154e2e
d338e90d-8cbb-4113-af0d-4b667138e263	e57fd0bf-638d-4f56-b93d-35cb81f0a2c1
d338e90d-8cbb-4113-af0d-4b667138e263	18924da9-c9d0-46a7-8382-195017154e2e
86577b47-87d4-463b-b553-dc4bd1081ec1	18924da9-c9d0-46a7-8382-195017154e2e
86577b47-87d4-463b-b553-dc4bd1081ec1	e57fd0bf-638d-4f56-b93d-35cb81f0a2c1
98aaa54e-8345-48d6-ac5b-b1177600b82c	e57fd0bf-638d-4f56-b93d-35cb81f0a2c1
98aaa54e-8345-48d6-ac5b-b1177600b82c	18924da9-c9d0-46a7-8382-195017154e2e
9785fa92-cb9b-44e0-96bf-bd1381f843ca	18924da9-c9d0-46a7-8382-195017154e2e
9785fa92-cb9b-44e0-96bf-bd1381f843ca	e57fd0bf-638d-4f56-b93d-35cb81f0a2c1
7c98ce36-d4ff-4c3a-992d-3319acc14b3c	e57fd0bf-638d-4f56-b93d-35cb81f0a2c1
7c98ce36-d4ff-4c3a-992d-3319acc14b3c	18924da9-c9d0-46a7-8382-195017154e2e
5aed0e47-db38-4697-b7b5-5c1d8511057d	18924da9-c9d0-46a7-8382-195017154e2e
5aed0e47-db38-4697-b7b5-5c1d8511057d	e57fd0bf-638d-4f56-b93d-35cb81f0a2c1
bf3e8910-ea21-48ad-8820-ce7f756c3bd8	e57fd0bf-638d-4f56-b93d-35cb81f0a2c1
bf3e8910-ea21-48ad-8820-ce7f756c3bd8	18924da9-c9d0-46a7-8382-195017154e2e
48a2474d-d3a3-4e56-a008-5df40da12647	18924da9-c9d0-46a7-8382-195017154e2e
48a2474d-d3a3-4e56-a008-5df40da12647	e57fd0bf-638d-4f56-b93d-35cb81f0a2c1
7ee0dcd3-9750-4eab-a76b-ce2a95247921	e57fd0bf-638d-4f56-b93d-35cb81f0a2c1
7ee0dcd3-9750-4eab-a76b-ce2a95247921	18924da9-c9d0-46a7-8382-195017154e2e
d3dc529e-589a-4372-aaa9-384bc1f3da7a	18924da9-c9d0-46a7-8382-195017154e2e
d3dc529e-589a-4372-aaa9-384bc1f3da7a	e57fd0bf-638d-4f56-b93d-35cb81f0a2c1
6cd51cd2-77b8-4b5d-8cbb-3c11218954b0	e57fd0bf-638d-4f56-b93d-35cb81f0a2c1
6cd51cd2-77b8-4b5d-8cbb-3c11218954b0	18924da9-c9d0-46a7-8382-195017154e2e
55804f3f-86b2-4585-89e7-d9d302001706	18924da9-c9d0-46a7-8382-195017154e2e
55804f3f-86b2-4585-89e7-d9d302001706	e57fd0bf-638d-4f56-b93d-35cb81f0a2c1
38f6309d-54a1-4055-bfe5-9931a898f345	e57fd0bf-638d-4f56-b93d-35cb81f0a2c1
38f6309d-54a1-4055-bfe5-9931a898f345	18924da9-c9d0-46a7-8382-195017154e2e
1ff36594-e3f7-4cc7-952c-9a76e120a3e2	18924da9-c9d0-46a7-8382-195017154e2e
1ff36594-e3f7-4cc7-952c-9a76e120a3e2	9061036f-51b1-4bc5-b634-79d67e58c80d
1a61d9a6-53e3-4cc1-afe2-7765e7a10c45	9061036f-51b1-4bc5-b634-79d67e58c80d
1a61d9a6-53e3-4cc1-afe2-7765e7a10c45	18924da9-c9d0-46a7-8382-195017154e2e
f6ea0f06-1e2e-444d-8bb1-3abd67c916ab	18924da9-c9d0-46a7-8382-195017154e2e
f6ea0f06-1e2e-444d-8bb1-3abd67c916ab	8190b6c5-f2c5-4fa9-aca4-02fd89489f59
9283d6ee-2bb9-4205-8260-27aa6a88125d	8190b6c5-f2c5-4fa9-aca4-02fd89489f59
9283d6ee-2bb9-4205-8260-27aa6a88125d	18924da9-c9d0-46a7-8382-195017154e2e
0665ed81-42e4-4774-b451-929d61614fab	e57fd0bf-638d-4f56-b93d-35cb81f0a2c1
0665ed81-42e4-4774-b451-929d61614fab	9061036f-51b1-4bc5-b634-79d67e58c80d
c2ae4a28-4b8b-4230-bca8-14674c669969	9061036f-51b1-4bc5-b634-79d67e58c80d
c2ae4a28-4b8b-4230-bca8-14674c669969	e57fd0bf-638d-4f56-b93d-35cb81f0a2c1
5fbac54c-623f-4a9d-9907-ec8a574ff6a2	e57fd0bf-638d-4f56-b93d-35cb81f0a2c1
5fbac54c-623f-4a9d-9907-ec8a574ff6a2	8190b6c5-f2c5-4fa9-aca4-02fd89489f59
a627a16c-a1ad-4fe4-a95c-ef543a5c388a	8190b6c5-f2c5-4fa9-aca4-02fd89489f59
a627a16c-a1ad-4fe4-a95c-ef543a5c388a	e57fd0bf-638d-4f56-b93d-35cb81f0a2c1
a9aa5bd2-7c3f-4f9d-b49d-cc811978c2ef	9061036f-51b1-4bc5-b634-79d67e58c80d
a9aa5bd2-7c3f-4f9d-b49d-cc811978c2ef	8190b6c5-f2c5-4fa9-aca4-02fd89489f59
82b8d24e-6eeb-428c-9636-5bc14cda49c6	8190b6c5-f2c5-4fa9-aca4-02fd89489f59
82b8d24e-6eeb-428c-9636-5bc14cda49c6	9061036f-51b1-4bc5-b634-79d67e58c80d
fcd776db-3ad5-42ed-ad3d-75e59c74d44d	18924da9-c9d0-46a7-8382-195017154e2e
fcd776db-3ad5-42ed-ad3d-75e59c74d44d	1a4fd06c-0d66-4128-b4df-83e23697561c
\.


--
-- Data for Name: ratings; Type: TABLE DATA; Schema: public; Owner: hive-dev
--

COPY public.ratings (id, user_uid, played, won, lost, draw, rating, deviation, volatility, created_at, updated_at, speed) FROM stdin;
6	18924da9-c9d0-46a7-8382-195017154e2e	0	0	0	0	1500	500	0.09	2024-07-12 11:56:47.07804+03	2024-07-12 11:56:47.07804+03	Puzzle
12	e57fd0bf-638d-4f56-b93d-35cb81f0a2c1	0	0	0	0	1500	500	0.09	2024-07-12 11:57:02.073232+03	2024-07-12 11:57:02.073232+03	Puzzle
8	e57fd0bf-638d-4f56-b93d-35cb81f0a2c1	2	1	1	0	1639.3874762682753	353.99200422571096	0.09001233363387764	2024-07-12 11:57:02.071987+03	2024-07-15 17:13:49.160311+03	Blitz
2	18924da9-c9d0-46a7-8382-195017154e2e	2	1	1	0	1360.6125237317244	353.99200422571096	0.09001233363387769	2024-07-12 11:56:47.076717+03	2024-07-15 17:13:49.160882+03	Blitz
9	e57fd0bf-638d-4f56-b93d-35cb81f0a2c1	21	9	9	3	1453.7290794033388	116.57895695382992	0.09003722478808877	2024-07-12 11:57:02.072302+03	2024-08-02 21:37:16.98825+03	Rapid
13	34f4d3d8-91e5-434a-b84b-53134edcf848	0	0	0	0	1500	500	0.09	2024-07-28 19:22:00.476153+03	2024-07-28 19:22:00.476153+03	Bullet
14	34f4d3d8-91e5-434a-b84b-53134edcf848	0	0	0	0	1500	500	0.09	2024-07-28 19:22:00.484507+03	2024-07-28 19:22:00.484507+03	Blitz
15	34f4d3d8-91e5-434a-b84b-53134edcf848	0	0	0	0	1500	500	0.09	2024-07-28 19:22:00.484847+03	2024-07-28 19:22:00.484848+03	Rapid
16	34f4d3d8-91e5-434a-b84b-53134edcf848	0	0	0	0	1500	500	0.09	2024-07-28 19:22:00.485142+03	2024-07-28 19:22:00.485142+03	Classic
17	34f4d3d8-91e5-434a-b84b-53134edcf848	0	0	0	0	1500	500	0.09	2024-07-28 19:22:00.48541+03	2024-07-28 19:22:00.485411+03	Correspondence
18	34f4d3d8-91e5-434a-b84b-53134edcf848	0	0	0	0	1500	500	0.09	2024-07-28 19:22:00.485662+03	2024-07-28 19:22:00.485663+03	Puzzle
27	8190b6c5-f2c5-4fa9-aca4-02fd89489f59	2	1	0	1	1692.9943846446654	234.43029520645894	0.0899865757842289	2024-08-02 21:24:34.091183+03	2024-08-02 21:38:39.549221+03	Rapid
3	18924da9-c9d0-46a7-8382-195017154e2e	24	10	10	4	1514.7525425722233	112.55439114111793	0.09003065622531035	2024-07-12 11:56:47.077077+03	2024-08-02 21:38:39.549598+03	Rapid
31	1a4fd06c-0d66-4128-b4df-83e23697561c	0	0	0	0	1500	500	0.09	2024-08-22 14:04:10.899803+03	2024-08-22 14:04:10.899803+03	Bullet
7	e57fd0bf-638d-4f56-b93d-35cb81f0a2c1	244	115	125	4	1537.0809860747488	76.37865139981531	0.09012689315650757	2024-07-12 11:57:02.071586+03	2024-07-30 08:15:48.87899+03	Bullet
1	18924da9-c9d0-46a7-8382-195017154e2e	244	125	115	4	1483.1364499933682	76.38275922945414	0.09013734074943523	2024-07-12 11:56:47.075861+03	2024-07-30 08:15:48.879802+03	Bullet
32	1a4fd06c-0d66-4128-b4df-83e23697561c	0	0	0	0	1500	500	0.09	2024-08-22 14:04:10.909702+03	2024-08-22 14:04:10.909702+03	Blitz
33	1a4fd06c-0d66-4128-b4df-83e23697561c	0	0	0	0	1500	500	0.09	2024-08-22 14:04:10.910114+03	2024-08-22 14:04:10.910115+03	Rapid
34	1a4fd06c-0d66-4128-b4df-83e23697561c	0	0	0	0	1500	500	0.09	2024-08-22 14:04:10.910411+03	2024-08-22 14:04:10.910411+03	Classic
35	1a4fd06c-0d66-4128-b4df-83e23697561c	0	0	0	0	1500	500	0.09	2024-08-22 14:04:10.910672+03	2024-08-22 14:04:10.910673+03	Correspondence
19	9061036f-51b1-4bc5-b634-79d67e58c80d	0	0	0	0	1500	500	0.09	2024-08-02 21:23:52.489704+03	2024-08-02 21:23:52.489705+03	Bullet
20	9061036f-51b1-4bc5-b634-79d67e58c80d	0	0	0	0	1500	500	0.09	2024-08-02 21:23:52.498203+03	2024-08-02 21:23:52.498204+03	Blitz
36	1a4fd06c-0d66-4128-b4df-83e23697561c	0	0	0	0	1500	500	0.09	2024-08-22 14:04:10.910938+03	2024-08-22 14:04:10.910939+03	Puzzle
22	9061036f-51b1-4bc5-b634-79d67e58c80d	0	0	0	0	1500	500	0.09	2024-08-02 21:23:52.498964+03	2024-08-02 21:23:52.498965+03	Classic
23	9061036f-51b1-4bc5-b634-79d67e58c80d	0	0	0	0	1500	500	0.09	2024-08-02 21:23:52.499313+03	2024-08-02 21:23:52.499314+03	Correspondence
24	9061036f-51b1-4bc5-b634-79d67e58c80d	0	0	0	0	1500	500	0.09	2024-08-02 21:23:52.499606+03	2024-08-02 21:23:52.499607+03	Puzzle
25	8190b6c5-f2c5-4fa9-aca4-02fd89489f59	0	0	0	0	1500	500	0.09	2024-08-02 21:24:34.090539+03	2024-08-02 21:24:34.090539+03	Bullet
26	8190b6c5-f2c5-4fa9-aca4-02fd89489f59	0	0	0	0	1500	500	0.09	2024-08-02 21:24:34.090894+03	2024-08-02 21:24:34.090895+03	Blitz
28	8190b6c5-f2c5-4fa9-aca4-02fd89489f59	0	0	0	0	1500	500	0.09	2024-08-02 21:24:34.091454+03	2024-08-02 21:24:34.091454+03	Classic
29	8190b6c5-f2c5-4fa9-aca4-02fd89489f59	0	0	0	0	1500	500	0.09	2024-08-02 21:24:34.091718+03	2024-08-02 21:24:34.091719+03	Correspondence
30	8190b6c5-f2c5-4fa9-aca4-02fd89489f59	0	0	0	0	1500	500	0.09	2024-08-02 21:24:34.091982+03	2024-08-02 21:24:34.091982+03	Puzzle
10	e57fd0bf-638d-4f56-b93d-35cb81f0a2c1	5	2	3	0	1656.2112859212825	266.8904587487267	0.09002119005777257	2024-07-12 11:57:02.072618+03	2024-07-23 09:21:40.910821+03	Classic
4	18924da9-c9d0-46a7-8382-195017154e2e	5	3	2	0	1343.7887140787172	266.89045874872676	0.09002119005777252	2024-07-12 11:56:47.077399+03	2024-07-23 09:21:40.91139+03	Classic
21	9061036f-51b1-4bc5-b634-79d67e58c80d	3	0	1	2	1420.194867493303	213.5122172784173	0.08997538567612132	2024-08-02 21:23:52.498598+03	2024-08-02 21:26:28.125663+03	Rapid
5	18924da9-c9d0-46a7-8382-195017154e2e	16	4	11	1	1383.4822549268126	141.30082392239157	0.0900252580284105	2024-07-12 11:56:47.077716+03	2024-07-27 19:40:19.998871+03	Correspondence
11	e57fd0bf-638d-4f56-b93d-35cb81f0a2c1	16	11	4	1	1616.5177450731874	141.30082392239157	0.09002525802841065	2024-07-12 11:57:02.07292+03	2024-07-27 19:40:19.999375+03	Correspondence
\.


--
-- Data for Name: tournament_series; Type: TABLE DATA; Schema: public; Owner: hive-dev
--

COPY public.tournament_series (id, nanoid, name, description, created_at, updated_at) FROM stdin;
\.


--
-- Data for Name: tournaments; Type: TABLE DATA; Schema: public; Owner: hive-dev
--

COPY public.tournaments (id, nanoid, name, description, scoring, tiebreaker, seats, min_seats, rounds, invite_only, mode, time_mode, time_base, time_increment, band_upper, band_lower, start_mode, starts_at, ends_at, started_at, round_duration, status, created_at, updated_at, series) FROM stdin;
6ebb44fd-014b-4bcf-a2d1-8bba70fb422d	6X-lLAvDS2_	aaaaaaaaaaaaaaaaaaaaaaaaaaaaa	zxcvzzzzzzzzzzzzzzzzzzzzzzzzzzzzzzzzzzzzzzzzzzzzzzzzzzzzzzzzzzz	Game	{RawPoints,HeadToHead,WinsAsBlack,SonnebornBerger}	4	4	1	f	DoubleRoundRobin	Real Time	600	10	2500	500	Manual	\N	\N	\N	\N	NotStarted	2024-08-02 15:39:44.551429+03	2024-08-02 16:02:39.926555+03	\N
a46a5974-c125-419b-b1d6-c2d193d5d784	Jns-dmKmaGl	test	testttestttestttestttestttestttestttestttestttestttestttestttestttestttestttestttestttestt	Game	{RawPoints,HeadToHead,WinsAsBlack,SonnebornBerger}	4	2	1	f	DoubleRoundRobin	Real Time	600	10	2500	500	Manual	\N	\N	2024-08-02 08:32:10.041297+03	\N	InProgress	2024-08-02 08:31:31.247925+03	2024-08-02 08:32:10.041294+03	\N
1ec37ca9-09c2-4bfe-8fbc-22638e9386a2	EW0rIALbHRM	asdddddddddddddddddddddddd	aaaaaaaaaaaaaaaaaaaaaaaaaaaaaaaaaaaaaaaaaaaaaaaaaaaaaaaaaaa	Game	{RawPoints,HeadToHead,WinsAsBlack,SonnebornBerger}	4	4	1	f	DoubleRoundRobin	Real Time	600	10	2500	500	Manual	\N	\N	2024-08-02 21:25:32.527906+03	\N	InProgress	2024-08-02 21:24:55.052284+03	2024-08-02 21:25:32.527902+03	\N
e26b197d-6442-4abc-9d87-fb16695163c9	5Z84-X2UVMK	zzzzzzzzzzzzzzz	zzzzzzzzzzzzzzzzzzzzzzzzzzzzzzzzzzzzzzzzzzzzzzzzzzzzzzzzzzzzzzzzzzzzzzzzzzzzzzzzzzzzzzzzzzzzzzzzzzzzzzzzzzzzzzzzzzzzzzzzzzzzzzzzzzzzzzzv	Game	{RawPoints,HeadToHead,WinsAsBlack,SonnebornBerger}	4	2	1	f	DoubleRoundRobin	Real Time	600	10	2500	500	Manual	\N	\N	2024-08-02 10:09:57.098098+03	\N	InProgress	2024-08-02 10:09:47.348204+03	2024-08-02 10:09:57.098094+03	\N
\.


--
-- Data for Name: schedules; Type: TABLE DATA; Schema: public; Owner: hive-dev
--

COPY public.schedules (id, game_id, tournament_id, proposer_id, opponent_id, start_t, agreed) FROM stdin;
546e9feb-6b92-4bd5-b94a-d899797beed5	6cd51cd2-77b8-4b5d-8cbb-3c11218954b0	e26b197d-6442-4abc-9d87-fb16695163c9	e57fd0bf-638d-4f56-b93d-35cb81f0a2c1	18924da9-c9d0-46a7-8382-195017154e2e	2024-08-02 19:33:27.184+03	f
e412936e-3e00-481b-85f1-3850b621f13c	48a2474d-d3a3-4e56-a008-5df40da12647	a46a5974-c125-419b-b1d6-c2d193d5d784	e57fd0bf-638d-4f56-b93d-35cb81f0a2c1	18924da9-c9d0-46a7-8382-195017154e2e	2024-08-02 18:23:19.395+03	f
cef906f4-3716-44f7-838f-d7ca51057f55	9283d6ee-2bb9-4205-8260-27aa6a88125d	1ec37ca9-09c2-4bfe-8fbc-22638e9386a2	18924da9-c9d0-46a7-8382-195017154e2e	8190b6c5-f2c5-4fa9-aca4-02fd89489f59	2024-08-02 21:47:18.098+03	f
162a037b-b4dc-45dc-bf30-0faf45d46410	d3dc529e-589a-4372-aaa9-384bc1f3da7a	e26b197d-6442-4abc-9d87-fb16695163c9	e57fd0bf-638d-4f56-b93d-35cb81f0a2c1	18924da9-c9d0-46a7-8382-195017154e2e	2024-08-02 13:31:56.704+03	f
6348be0c-3324-43e4-bec1-8055555fcde1	d3dc529e-589a-4372-aaa9-384bc1f3da7a	e26b197d-6442-4abc-9d87-fb16695163c9	18924da9-c9d0-46a7-8382-195017154e2e	e57fd0bf-638d-4f56-b93d-35cb81f0a2c1	2024-08-03 13:33:00+03	t
4c8a95f7-2c09-4025-bf69-0b0bfa74279b	6cd51cd2-77b8-4b5d-8cbb-3c11218954b0	e26b197d-6442-4abc-9d87-fb16695163c9	18924da9-c9d0-46a7-8382-195017154e2e	e57fd0bf-638d-4f56-b93d-35cb81f0a2c1	2024-03-02 12:12:00+02	f
\.


--
-- Data for Name: tournament_series_organizers; Type: TABLE DATA; Schema: public; Owner: hive-dev
--

COPY public.tournament_series_organizers (tournament_series_id, organizer_id) FROM stdin;
\.


--
-- Data for Name: tournaments_invitations; Type: TABLE DATA; Schema: public; Owner: hive-dev
--

COPY public.tournaments_invitations (tournament_id, invitee_id, created_at) FROM stdin;
6ebb44fd-014b-4bcf-a2d1-8bba70fb422d	34f4d3d8-91e5-434a-b84b-53134edcf848	2024-08-02 16:02:24.589954+03
\.


--
-- Data for Name: tournaments_organizers; Type: TABLE DATA; Schema: public; Owner: hive-dev
--

COPY public.tournaments_organizers (tournament_id, organizer_id) FROM stdin;
a46a5974-c125-419b-b1d6-c2d193d5d784	18924da9-c9d0-46a7-8382-195017154e2e
e26b197d-6442-4abc-9d87-fb16695163c9	e57fd0bf-638d-4f56-b93d-35cb81f0a2c1
6ebb44fd-014b-4bcf-a2d1-8bba70fb422d	e57fd0bf-638d-4f56-b93d-35cb81f0a2c1
1ec37ca9-09c2-4bfe-8fbc-22638e9386a2	18924da9-c9d0-46a7-8382-195017154e2e
\.


--
-- Data for Name: tournaments_users; Type: TABLE DATA; Schema: public; Owner: hive-dev
--

COPY public.tournaments_users (tournament_id, user_id) FROM stdin;
a46a5974-c125-419b-b1d6-c2d193d5d784	18924da9-c9d0-46a7-8382-195017154e2e
a46a5974-c125-419b-b1d6-c2d193d5d784	e57fd0bf-638d-4f56-b93d-35cb81f0a2c1
e26b197d-6442-4abc-9d87-fb16695163c9	e57fd0bf-638d-4f56-b93d-35cb81f0a2c1
e26b197d-6442-4abc-9d87-fb16695163c9	18924da9-c9d0-46a7-8382-195017154e2e
6ebb44fd-014b-4bcf-a2d1-8bba70fb422d	18924da9-c9d0-46a7-8382-195017154e2e
1ec37ca9-09c2-4bfe-8fbc-22638e9386a2	18924da9-c9d0-46a7-8382-195017154e2e
1ec37ca9-09c2-4bfe-8fbc-22638e9386a2	e57fd0bf-638d-4f56-b93d-35cb81f0a2c1
1ec37ca9-09c2-4bfe-8fbc-22638e9386a2	9061036f-51b1-4bc5-b634-79d67e58c80d
1ec37ca9-09c2-4bfe-8fbc-22638e9386a2	8190b6c5-f2c5-4fa9-aca4-02fd89489f59
\.


--
-- Name: ratings_id_seq; Type: SEQUENCE SET; Schema: public; Owner: hive-dev
--

SELECT pg_catalog.setval('public.ratings_id_seq', 36, true);


--
-- PostgreSQL database dump complete
--

